module,link,title,authors,dump_conf,dump_id,dump_title,dump_cover,mb_api_conf,mb_api_id,mb_api_title,mb_api_cover,mangadex_links
MangaDex,https://mangadex.org/title/5be18399-83f4-4ca3-92dc-d54a541fef62,Onaji Pantsu,Watanabe Masafumi (渡辺マサフミ),author-conflict,,,,author-conflict,,,,{}
MangaDex,https://mangadex.org/title/2831fe07-2dda-4f3c-943c-711985bd6322,Ano Ko ga Tsuki ni kaeru made,Fumin,author-conflict,,,,author-conflict,,,,"{""kt"": ""ano-ko-ga-tsuki-ni-kaeru-made""}"
MangaDex,https://mangadex.org/title/a49829c9-f4ea-4a0b-861f-fa7d59e6b7a0,Single,Avogado6,cross-id,58045,Dokushin,https://cdn.mangabaka.dev/imgproxy/plain/x250@1/aHR0cHM6Ly9zNC5hbmlsaXN0LmNvL2ZpbGUvYW5pbGlzdGNkbi9tZWRpYS9tYW5nYS9jb3Zlci9sYXJnZS9ieDE0NzUwMS12dFZ2U0pRWGNMSE0ucG5n,title+author,58045,Dokushin,https://cdn.mangabaka.dev/imgproxy/plain/x250@1/aHR0cHM6Ly9zNC5hbmlsaXN0LmNvL2ZpbGUvYW5pbGlzdGNkbi9tZWRpYS9tYW5nYS9jb3Zlci9sYXJnZS9ieDE0NzUwMS12dFZ2U0pRWGNMSE0ucG5n,"{""al"": ""147501""}"
MangaDex,https://mangadex.org/title/9d64e07e-5384-4256-8031-d01908581a25,"Kokoro wa Kare ni, Karada wa Sensei ni.",Piruporo (Circle),author-conflict,,,,author-conflict,,,,{}
MangaDex,https://mangadex.org/title/b8ed5d29-b90e-486b-b31e-a286768bab0d,"Itsumo no Konbini, Itsumo no Yoru ni",Sakamoto Taku,title+author,56067,"Itsumo no Konbini, Itsumo no Yoru ni",https://cdn.mangabaka.dev/imgproxy/plain/x250@1/aHR0cHM6Ly9jZG4ubWFuZ2F1cGRhdGVzLmNvbS9pbWFnZS9pNDgxMzE4LmpwZw,title+author,56067,"Itsumo no Konbini, Itsumo no Yoru ni",https://cdn.mangabaka.dev/imgproxy/plain/x250@1/aHR0cHM6Ly9jZG4ubWFuZ2F1cGRhdGVzLmNvbS9pbWFnZS9pNDgxMzE4LmpwZw,{}
MangaDex,https://mangadex.org/title/3c524d15-6523-42e0-91a8-f516dd57fc7a,Ama ama Cinderella,Osaji,cross-id,8434,Amaama Cinderella,https://cdn.mangabaka.dev/imgproxy/plain/x250@1/aHR0cHM6Ly9zNC5hbmlsaXN0LmNvL2ZpbGUvYW5pbGlzdGNkbi9tZWRpYS9tYW5nYS9jb3Zlci9sYXJnZS9ieDE2MzU5My1xNFRxYnVlRTRHTHIuanBn,title+author,8434,Amaama Cinderella,https://cdn.mangabaka.dev/imgproxy/plain/x250@1/aHR0cHM6Ly9zNC5hbmlsaXN0LmNvL2ZpbGUvYW5pbGlzdGNkbi9tZWRpYS9tYW5nYS9jb3Zlci9sYXJnZS9ieDE2MzU5My1xNFRxYnVlRTRHTHIuanBn,"{""al"": ""163593"", ""ap"": ""amaama-cinderella"", ""mu"": ""84s66ai"", ""mal"": ""157742""}"
MangaDex,https://mangadex.org/title/96d68d41-d3d1-4c6c-b8d1-117a00cc7c07,Readiness,Sanbun Kyoden,title+author,181728,Readiness,https://cdn.mangabaka.dev/imgproxy/plain/x250@1/aHR0cHM6Ly9zNC5hbmlsaXN0LmNvL2ZpbGUvYW5pbGlzdGNkbi9tZWRpYS9tYW5nYS9jb3Zlci9tZWRpdW0vMTgzNzguanBn,title+author,181728,Readiness,https://cdn.mangabaka.dev/imgproxy/plain/x250@1/aHR0cHM6Ly9zNC5hbmlsaXN0LmNvL2ZpbGUvYW5pbGlzdGNkbi9tZWRpYS9tYW5nYS9jb3Zlci9tZWRpdW0vMTgzNzguanBn,{}
MangaDex,https://mangadex.org/title/61c6a55e-5e33-4a40-9d57-a9e16a5bd5e7,K-On! - Azu You Like!! (Doujinshi),"Chapel, Ryunnu, Sage (Circle)",none,,,,none,,,,{}
MangaDex,https://mangadex.org/title/c06e9ba5-ec8d-4b5a-8a5d-41bda11e96b6,Star Fox - Foxy (Doujinshi),"Kemono Ekaki no Kousoku 2 (Circle), Sindoll",title+author,301433,Star Fox dj - Foxy,https://cdn.mangabaka.dev/imgproxy/plain/x250@1/aHR0cHM6Ly9jZG4ubWFuZ2F1cGRhdGVzLmNvbS9pbWFnZS9pMjgzNTQ4LmpwZw,title+author,301433,Star Fox dj - Foxy,https://cdn.mangabaka.dev/imgproxy/plain/x250@1/aHR0cHM6Ly9jZG4ubWFuZ2F1cGRhdGVzLmNvbS9pbWFnZS9pMjgzNTQ4LmpwZw,{}
MangaDex,https://mangadex.org/title/1849fc45-8c4c-4d29-9242-5f35ea689023,Duke Pendragon: Master of the White Dragon,"Utsumi Yuusuke, Kim Hyungjun",cross-id,1258,Duke Pendragon: Master of the White Dragon,https://cdn.mangabaka.dev/imgproxy/plain/x250@1/aHR0cHM6Ly9pbWFnZXMubWFuZ2FiYWthLmRldi8wL2UvNC9jL2QvMC9mL2QvNzBkNS80OGM5LzgxNTUvYWNmMzlkMjA0MWY0,title+author,1258,Duke Pendragon: Master of the White Dragon,https://cdn.mangabaka.dev/imgproxy/plain/x250@1/aHR0cHM6Ly9pbWFnZXMubWFuZ2FiYWthLmRldi8wL2UvNC9jL2QvMC9mL2QvNzBkNS80OGM5LzgxNTUvYWNmMzlkMjA0MWY0,"{""al"": ""143025"", ""ap"": ""duke-pendragon-master-of-the-white-dragon"", ""kt"": ""61970"", ""mu"": ""egvweo7""}"
MangaDex,https://mangadex.org/title/9fa94f7e-0878-42b5-b391-11983cea99d9,Hebigami no Miko,"Mafuyu (真冬), Kanden Shoujo Chuuihou (Circle)",cross-id,164450,Hebigami no Miko,https://cdn.mangabaka.dev/imgproxy/plain/x250@1/aHR0cHM6Ly9zNC5hbmlsaXN0LmNvL2ZpbGUvYW5pbGlzdGNkbi9tZWRpYS9tYW5nYS9jb3Zlci9sYXJnZS9ieDE3MzYxMS1FcDczbXQxWFh6aWYuanBn,title+author,164450,Hebigami no Miko,https://cdn.mangabaka.dev/imgproxy/plain/x250@1/aHR0cHM6Ly9zNC5hbmlsaXN0LmNvL2ZpbGUvYW5pbGlzdGNkbi9tZWRpYS9tYW5nYS9jb3Zlci9sYXJnZS9ieDE3MzYxMS1FcDczbXQxWFh6aWYuanBn,"{""al"": ""173611"", ""mu"": ""9f7dgtm""}"
MangaDex,https://mangadex.org/title/84ad3c99-312a-4489-addb-1a8d35757e9d,Touhou - Hungry Tiger (Doujinshi),"Tohonifun (Circle), Chado",author-conflict,,,,none,,,,{}
MangaDex,https://mangadex.org/title/a9fa577f-2723-4cc6-b096-4ab8d9a66290,Is Love Covered by Insurance?,Angram,none,,,,none,,,,{}
MangaDex,https://mangadex.org/title/a4067c62-58f2-47dc-bce8-3d9268efbee2,A Story About SHHis.,Cyabo,none,,,,none,,,,{}
MangaDex,https://mangadex.org/title/427aceaf-7bc9-4dad-94b6-78e2eefe8d91,Kawaii Anata (ClownBerry),"ClownBerry (Circle), Akasaka Aka",author-conflict,,,,author-conflict,,,,{}
MangaDex,https://mangadex.org/title/9392dcad-c2c4-4ddd-8922-c15655fb9456,Night Visitors,Q-rais,cross-id,56503,Yoru no Houmonsha,https://cdn.mangabaka.dev/imgproxy/plain/x250@1/aHR0cHM6Ly9zNC5hbmlsaXN0LmNvL2ZpbGUvYW5pbGlzdGNkbi9tZWRpYS9tYW5nYS9jb3Zlci9sYXJnZS9ieDE5MTc2MS1ncER5bmpLWDNPSDUuanBn,author-conflict,,,,"{""mu"": ""3ubk8g3"", ""mal"": ""170717""}"
MangaDex,https://mangadex.org/title/244c9d4f-e5fb-4590-9b96-4da191977b33,Skip and Loafer,Takamatsu Misaki,cross-id,86,Skip and Loafer,https://cdn.mangabaka.dev/imgproxy/plain/x250@1/aHR0cHM6Ly9pbWFnZXMubWFuZ2FiYWthLmRldi80L2UvNC8wLzIvNi9iL2MvMDA4MC80NDUxL2FmYzgvOGQyMjQ3NmJmODE3,title+author,86,Skip and Loafer,https://cdn.mangabaka.dev/imgproxy/plain/x250@1/aHR0cHM6Ly9pbWFnZXMubWFuZ2FiYWthLmRldi80L2UvNC8wLzIvNi9iL2MvMDA4MC80NDUxL2FmYzgvOGQyMjQ3NmJmODE3,"{""al"": ""109285"", ""ap"": ""skip-and-loafer"", ""kt"": ""54780"", ""mu"": ""23gs6wr"", ""mal"": ""118289""}"
MangaDex,https://mangadex.org/title/0764d5ac-5069-47b0-83b9-66526dd2a71c,Kantai Collection -KanColle- TOP SECRET (Doujinshi),"Kaleido Circus (Circle), Nagihashi Coko",author-conflict,,,,none,,,,{}
MangaDex,https://mangadex.org/title/53e926b5-0d83-4560-91b8-a5b966787043,Kantai Collection -KanColle- Ikazuchi to Inazuma wa Shireikan no Aka-chan ga Hoshii no desu! (Doujinshi),"Kamiba Kotaru, Sirotaruto (Circle)",none,,,,none,,,,{}
MangaDex,https://mangadex.org/title/87096c42-9bf6-416c-a354-2e4b1739152b,Joou-sama no Eshi,Watashiya Kaworu,cross-id,20204,Queen's Artist,https://cdn.mangabaka.dev/imgproxy/plain/x250@1/aHR0cHM6Ly9zNC5hbmlsaXN0LmNvL2ZpbGUvYW5pbGlzdGNkbi9tZWRpYS9tYW5nYS9jb3Zlci9sYXJnZS9ieDg1OTQ3LUpvSkRYbkJNTllvRi5qcGc,title+author,20204,Queen's Artist,https://cdn.mangabaka.dev/imgproxy/plain/x250@1/aHR0cHM6Ly9zNC5hbmlsaXN0LmNvL2ZpbGUvYW5pbGlzdGNkbi9tZWRpYS9tYW5nYS9jb3Zlci9sYXJnZS9ieDg1OTQ3LUpvSkRYbkJNTllvRi5qcGc,"{""al"": ""85947"", ""ap"": ""joou-sama-no-eshi"", ""kt"": ""25537"", ""mu"": ""3o3we8o"", ""mal"": ""72581""}"
MangaDex,https://mangadex.org/title/ffeb6f75-bde6-4f14-92ee-edc93d8376f0,Lords of Chaos,Izu,cross-id,21248,Lords of Chaos,https://cdn.mangabaka.dev/imgproxy/plain/x250@1/aHR0cHM6Ly9hcC1wcm94eS5tYW5nYWJha2EuZGV2L3Byb3h5LnBocD91cmw9aHR0cHM6Ly9jZG4uYW5pbWUtcGxhbmV0LmNvbS9tYW5nYS9wcmltYXJ5L2xvcmRzLW9mLWNoYW9zLTEuanBnP3Q9MTYyNTkxNjY3Ng,title+author,21248,Lords of Chaos,https://cdn.mangabaka.dev/imgproxy/plain/x250@1/aHR0cHM6Ly9hcC1wcm94eS5tYW5nYWJha2EuZGV2L3Byb3h5LnBocD91cmw9aHR0cHM6Ly9jZG4uYW5pbWUtcGxhbmV0LmNvbS9tYW5nYS9wcmltYXJ5L2xvcmRzLW9mLWNoYW9zLTEuanBnP3Q9MTYyNTkxNjY3Ng,"{""ap"": ""lords-of-chaos"", ""mu"": ""x30352e""}"
MangaDex,https://mangadex.org/title/088803b7-961b-4100-b728-8a331d5a5f77,Andy,Bacius,cross-id,56048,Andy,https://cdn.mangabaka.dev/imgproxy/plain/x250@1/aHR0cHM6Ly9tZWRpYS5raXRzdS5hcHAvbWFuZ2EvNjQ2MzgvcG9zdGVyX2ltYWdlLzM0ZWQ4MjYzNmU4NjQwNzUyMTA0NTkxNzYyNWE4MzNmLmpwZw,title+author,56048,Andy,https://cdn.mangabaka.dev/imgproxy/plain/x250@1/aHR0cHM6Ly9tZWRpYS5raXRzdS5hcHAvbWFuZ2EvNjQ2MzgvcG9zdGVyX2ltYWdlLzM0ZWQ4MjYzNmU4NjQwNzUyMTA0NTkxNzYyNWE4MzNmLmpwZw,"{""kt"": ""andy"", ""mu"": ""1q1poqv""}"
MangaDex,https://mangadex.org/title/88577631-c301-4bda-8896-a2e93db71bbf,Kinoppe-chan Forever,Motoyama Kazuki,none,,,,none,,,,{}
MangaDex,https://mangadex.org/title/73cd5791-59e7-46d0-8acb-565076f254ea,Touhou - UNDERWEAR (Doujinshi),"Earthean (Circle), Syoukaki",cross-id,20984,Touhou Project dj - Underwear,https://cdn.mangabaka.dev/imgproxy/plain/x250@1/aHR0cHM6Ly9jZG4ubWFuZ2F1cGRhdGVzLmNvbS9pbWFnZS9pMjI3NzMzLmpwZw,title+author,20984,Touhou Project dj - Underwear,https://cdn.mangabaka.dev/imgproxy/plain/x250@1/aHR0cHM6Ly9jZG4ubWFuZ2F1cGRhdGVzLmNvbS9pbWFnZS9pMjI3NzMzLmpwZw,"{""mu"": ""phais15""}"
MangaDex,https://mangadex.org/title/b6d16796-5dc5-4f08-846c-8f6d85c2c747,Chichichichichichi Oppai Yuri Goudoushi,"Minase, Fukuroumori, House Saibai Mochi (Circle), Homura Subaru, noyama, Yakiniku Teishoku, Shiratama Moti, Zanka, Seihoukei, Kyuusuikei, Tachi",cross-id,120436,Chichichichichichi Oppai Yuri Goudoushi,https://cdn.mangabaka.dev/imgproxy/plain/x250@1/aHR0cHM6Ly9pbWFnZXMubWFuZ2FiYWthLmRldi85LzMvNy85LzcvNy9kLzUvMWFkNy80Y2M0L2FkNGUvMTg1YjkzZGI4ODMw,author-conflict,,,,"{""al"": ""161737""}"
MangaDex,https://mangadex.org/title/8a78524a-f339-4593-a724-eef7f5edbb90,Danzai no Bishou,Unazuki Kou,cross-id,50706,Guilty Smile,https://cdn.mangabaka.dev/imgproxy/plain/x250@1/aHR0cHM6Ly9pbWFnZXMubWFuZ2FiYWthLmRldi9kLzEvOS85LzcvNS9jLzcvM2Q1NC80MzFlL2JiNjUvYjRiNGRlMzA5NTA5,title+author,50706,Guilty Smile,https://cdn.mangabaka.dev/imgproxy/plain/x250@1/aHR0cHM6Ly9pbWFnZXMubWFuZ2FiYWthLmRldi9kLzEvOS85LzcvNS9jLzcvM2Q1NC80MzFlL2JiNjUvYjRiNGRlMzA5NTA5,"{""al"": ""156143"", ""ap"": ""guilty-smile"", ""mu"": ""nkx40ip"", ""mal"": ""155644""}"
MangaDex,https://mangadex.org/title/a3411b32-1869-4cb1-9b76-8b0aa48db565,Kareshi no Tonari de Icchatta!? Onsen Ryokan no Netorare Massage!,Wakamatsu,cross-id,131985,Kareshi no Tonari de Icchatta!?: Onsen Ryokan no Netorare Massage!,https://cdn.mangabaka.dev/imgproxy/plain/x250@1/aHR0cHM6Ly9zNC5hbmlsaXN0LmNvL2ZpbGUvYW5pbGlzdGNkbi9tZWRpYS9tYW5nYS9jb3Zlci9tZWRpdW0vYjE1NzM4NS1zWWdtZDhzOUE2UlouanBn,title+author,131985,Kareshi no Tonari de Icchatta!?: Onsen Ryokan no Netorare Massage!,https://cdn.mangabaka.dev/imgproxy/plain/x250@1/aHR0cHM6Ly9zNC5hbmlsaXN0LmNvL2ZpbGUvYW5pbGlzdGNkbi9tZWRpYS9tYW5nYS9jb3Zlci9tZWRpdW0vYjE1NzM4NS1zWWdtZDhzOUE2UlouanBn,"{""al"": ""157385""}"
MangaDex,https://mangadex.org/title/b56660f6-5c05-4142-bc33-eca7b8a37ea0,Koi*Oto,Usami Maki,cross-id,12343,Koi*Oto,https://cdn.mangabaka.dev/imgproxy/plain/x250@1/aHR0cHM6Ly9zNC5hbmlsaXN0LmNvL2ZpbGUvYW5pbGlzdGNkbi9tZWRpYS9tYW5nYS9jb3Zlci9sYXJnZS9ieDM0NjAyLVc1STJpdEN4QUtaeC5qcGc,title+author,12343,Koi*Oto,https://cdn.mangabaka.dev/imgproxy/plain/x250@1/aHR0cHM6Ly9zNC5hbmlsaXN0LmNvL2ZpbGUvYW5pbGlzdGNkbi9tZWRpYS9tYW5nYS9jb3Zlci9sYXJnZS9ieDM0NjAyLVc1STJpdEN4QUtaeC5qcGc,"{""al"": ""34602"", ""ap"": ""koioto"", ""kt"": ""9910"", ""mu"": ""4oprhpz"", ""mal"": ""4602""}"
MangaDex,https://mangadex.org/title/8e196622-44bb-4bfe-9e0b-ab5af632e156,Himawari,Ueno Ai,cross-id,16625,Himawari,https://cdn.mangabaka.dev/imgproxy/plain/x250@1/aHR0cHM6Ly9zNC5hbmlsaXN0LmNvL2ZpbGUvYW5pbGlzdGNkbi9tZWRpYS9tYW5nYS9jb3Zlci9sYXJnZS9ieDUwNzIxLXlOU1JsOU5nSG9ZNS5wbmc,title+author,16625,Himawari,https://cdn.mangabaka.dev/imgproxy/plain/x250@1/aHR0cHM6Ly9zNC5hbmlsaXN0LmNvL2ZpbGUvYW5pbGlzdGNkbi9tZWRpYS9tYW5nYS9jb3Zlci9sYXJnZS9ieDUwNzIxLXlOU1JsOU5nSG9ZNS5wbmc,"{""ap"": ""himawari"", ""kt"": ""9840"", ""mu"": ""1zhnfba""}"
MangaDex,https://mangadex.org/title/3b517709-6cf7-4a6e-b877-74c085887e01,Blue Martini,misokuro,cross-id,58397,Blue Martini,https://cdn.mangabaka.dev/imgproxy/plain/x250@1/aHR0cHM6Ly9zNC5hbmlsaXN0LmNvL2ZpbGUvYW5pbGlzdGNkbi9tZWRpYS9tYW5nYS9jb3Zlci9sYXJnZS9ieDE4MjM3My13NU5hY3dhU29zREsuanBn,title+author,58397,Blue Martini,https://cdn.mangabaka.dev/imgproxy/plain/x250@1/aHR0cHM6Ly9zNC5hbmlsaXN0LmNvL2ZpbGUvYW5pbGlzdGNkbi9tZWRpYS9tYW5nYS9jb3Zlci9sYXJnZS9ieDE4MjM3My13NU5hY3dhU29zREsuanBn,"{""mal"": ""167730""}"
MangaDex,https://mangadex.org/title/128c43b7-591a-4ae1-8e47-dd7a5a581985,Princess Connect! Re:Dive - I Want To Connect With Kokkoro-chan! (Doujinshi),"Tomo, Twilight Road (Circle)",none,,,,none,,,,{}
MangaDex,https://mangadex.org/title/571845c9-a8f5-4a8b-b530-36cc4d3d12c8,Cat Swordsman,Yeh Yu-Tung,cross-id,47779,Catterdamerung,https://cdn.mangabaka.dev/imgproxy/plain/x250@1/aHR0cHM6Ly9zNC5hbmlsaXN0LmNvL2ZpbGUvYW5pbGlzdGNkbi9tZWRpYS9tYW5nYS9jb3Zlci9tZWRpdW0vYjE5NDY1Mi0zYWdTZWZ1QmJ6ZzIuanBn,title+author,47779,Catterdamerung,https://cdn.mangabaka.dev/imgproxy/plain/x250@1/aHR0cHM6Ly9zNC5hbmlsaXN0LmNvL2ZpbGUvYW5pbGlzdGNkbi9tZWRpYS9tYW5nYS9jb3Zlci9tZWRpdW0vYjE5NDY1Mi0zYWdTZWZ1QmJ6ZzIuanBn,"{""al"": ""194652"", ""ap"": ""cat-swordsman"", ""mu"": ""c0e1ljs""}"
MangaDex,https://mangadex.org/title/ba800623-0ffb-43cb-8dea-902fa3fccce6,Kase-san - Fushigi no Kuni to Kase-san (Doujinshi),Shirotama Mizore,none,,,,none,,,,{}
MangaDex,https://mangadex.org/title/c326889d-0548-4c56-8c45-d99da50b75ba,Zannen! Neko Ryokan,Kuwata Noriko,cross-id,70836,Zannen! Neko Ryokan,https://cdn.mangabaka.dev/imgproxy/plain/x250@1/aHR0cHM6Ly9jZG4ubWFuZ2F1cGRhdGVzLmNvbS9pbWFnZS9pMzg0ODYyLmpwZw,title+author,70836,Zannen! Neko Ryokan,https://cdn.mangabaka.dev/imgproxy/plain/x250@1/aHR0cHM6Ly9jZG4ubWFuZ2F1cGRhdGVzLmNvbS9pbWFnZS9pMzg0ODYyLmpwZw,"{""mu"": ""2r20743""}"
MangaDex,https://mangadex.org/title/428fdecc-af98-4e3f-aa74-d99367222110,My High School Life is Over,Tamamushi Atni,none,,,,none,,,,{}
MangaDex,https://mangadex.org/title/e9991d5c-bd41-4f50-9beb-99905ea8bdff,"Love, Meals, and Happy Days!",Asano Rin,cross-id,60469,Koi to Gohan to Nijiiro Hiyori,https://cdn.mangabaka.dev/imgproxy/plain/x250@1/aHR0cHM6Ly9zNC5hbmlsaXN0LmNvL2ZpbGUvYW5pbGlzdGNkbi9tZWRpYS9tYW5nYS9jb3Zlci9sYXJnZS9ieDEwNTE1My1NaG1UNmpId3lQMUcuanBn,title+author,60469,Koi to Gohan to Nijiiro Hiyori,https://cdn.mangabaka.dev/imgproxy/plain/x250@1/aHR0cHM6Ly9zNC5hbmlsaXN0LmNvL2ZpbGUvYW5pbGlzdGNkbi9tZWRpYS9tYW5nYS9jb3Zlci9sYXJnZS9ieDEwNTE1My1NaG1UNmpId3lQMUcuanBn,"{""al"": ""105153"", ""mu"": ""jqu0oja""}"
MangaDex,https://mangadex.org/title/1daf60ba-62a4-4ffd-bc23-4a120a771d78,White Camellia & Red Roses,Black Tooth,none,,,,none,,,,{}
MangaDex,https://mangadex.org/title/97f2ba87-4bca-4c80-8ccc-a82c998d0635,Wakeari Senpai no Kanojo ni Narimashita - Kaiki to Kazuma,Hanada,cross-id,98406,Wakeari Senpai no Kanojo ni Narimashita - Kaiki to Kazuma,https://cdn.mangabaka.dev/imgproxy/plain/x250@1/aHR0cHM6Ly9pbWFnZXMubWFuZ2FiYWthLmRldi8wLzEvOC9mLzUvYS80L2MvYTBlOS80ZmY3L2FjYjgvNzcyODJjOGVjNzFh,title+author,98406,Wakeari Senpai no Kanojo ni Narimashita - Kaiki to Kazuma,https://cdn.mangabaka.dev/imgproxy/plain/x250@1/aHR0cHM6Ly9pbWFnZXMubWFuZ2FiYWthLmRldi8wLzEvOC9mLzUvYS80L2MvYTBlOS80ZmY3L2FjYjgvNzcyODJjOGVjNzFh,"{""mu"": ""ofsw0c1""}"
MangaDex,https://mangadex.org/title/eb3810f6-9435-4c96-88ef-a74d34915d4f,Sensei wa Seiyoku o Osaerarenai,Gonza,cross-id,127025,Sensei wa Seiyoku wo Osaerarenai,https://cdn.mangabaka.dev/imgproxy/plain/x250@1/aHR0cHM6Ly9zNC5hbmlsaXN0LmNvL2ZpbGUvYW5pbGlzdGNkbi9tZWRpYS9tYW5nYS9jb3Zlci9sYXJnZS9ieDEyMjMyNi12ZHFJd3ZKQ1RFVUEuanBn,title+author,127025,Sensei wa Seiyoku wo Osaerarenai,https://cdn.mangabaka.dev/imgproxy/plain/x250@1/aHR0cHM6Ly9zNC5hbmlsaXN0LmNvL2ZpbGUvYW5pbGlzdGNkbi9tZWRpYS9tYW5nYS9jb3Zlci9sYXJnZS9ieDEyMjMyNi12ZHFJd3ZKQ1RFVUEuanBn,"{""mal"": ""123374""}"
MangaDex,https://mangadex.org/title/72e783f6-babe-4f12-92e2-715200069dd4,"Mamagoto wa, Hon no Mushi.",Takara Momo,cross-id,29937,"Mamagoto wa, Hon no Mushi.",https://cdn.mangabaka.dev/imgproxy/plain/x250@1/aHR0cHM6Ly9jZG4ubWFuZ2F1cGRhdGVzLmNvbS9pbWFnZS9pMTkxODQ5LmpwZw,title+author,29937,"Mamagoto wa, Hon no Mushi.",https://cdn.mangabaka.dev/imgproxy/plain/x250@1/aHR0cHM6Ly9jZG4ubWFuZ2F1cGRhdGVzLmNvbS9pbWFnZS9pMTkxODQ5LmpwZw,"{""mu"": ""0d9sfe0""}"
MangaDex,https://mangadex.org/title/610d5c9b-ab67-4ea6-9e13-1c1831cb4b41,No Longer Family,Katou Uiri,title+author,73998,No Longer Family,https://cdn.mangabaka.dev/imgproxy/plain/x250@1/aHR0cHM6Ly9zNC5hbmlsaXN0LmNvL2ZpbGUvYW5pbGlzdGNkbi9tZWRpYS9tYW5nYS9jb3Zlci9sYXJnZS9ieDIwNTAyNC1lcXU3WXRNNDJhNVUuanBn,title+author,73998,No Longer Family,https://cdn.mangabaka.dev/imgproxy/plain/x250@1/aHR0cHM6Ly9zNC5hbmlsaXN0LmNvL2ZpbGUvYW5pbGlzdGNkbi9tZWRpYS9tYW5nYS9jb3Zlci9sYXJnZS9ieDIwNTAyNC1lcXU3WXRNNDJhNVUuanBn,{}
MangaDex,https://mangadex.org/title/2ad886d3-2efe-49e3-afa8-dac90a324a12,Forte: Time of Reunion,Takamisaki Ryou,none,,,,none,,,,{}
MangaDex,https://mangadex.org/title/4b537b75-b040-425f-82e3-e00a870a3c79,Misenchanted,sekora2000,none,,,,none,,,,{}
MangaDex,https://mangadex.org/title/08041258-b956-4d25-83b4-7b5c7dcf7058,Ore no Kanojo to Osananajimi ga Shuraba Sugiru,Yuuji Yuuji,cross-id,8131,Ore no Kanojo to Osananajimi ga Shuraba sugiru,https://cdn.mangabaka.dev/imgproxy/plain/x250@1/aHR0cHM6Ly9zNC5hbmlsaXN0LmNvL2ZpbGUvYW5pbGlzdGNkbi9tZWRpYS9tYW5nYS9jb3Zlci9sYXJnZS9ieDU2NjEyLWhGVklTeW1NUzZsdC5qcGc,title+author,8131,Ore no Kanojo to Osananajimi ga Shuraba sugiru,https://cdn.mangabaka.dev/imgproxy/plain/x250@1/aHR0cHM6Ly9zNC5hbmlsaXN0LmNvL2ZpbGUvYW5pbGlzdGNkbi9tZWRpYS9tYW5nYS9jb3Zlci9sYXJnZS9ieDU2NjEyLWhGVklTeW1NUzZsdC5qcGc,"{""al"": ""56612"", ""ap"": ""ore-no-kanojo-to-osananajimi-ga-shuraba-sugiru"", ""kt"": ""20115"", ""mu"": ""s0bvlnd"", ""mal"": ""26612""}"
MangaDex,https://mangadex.org/title/477c9f8d-78a4-444a-b9d1-0622ef44dbae,"Oshiri no Oishasan ga, Ore no Ushiro o Neratteru!?",Uda Maki,cross-id,37038,The Prince of Proctology,https://cdn.mangabaka.dev/imgproxy/plain/x250@1/aHR0cHM6Ly9zNC5hbmlsaXN0LmNvL2ZpbGUvYW5pbGlzdGNkbi9tZWRpYS9tYW5nYS9jb3Zlci9sYXJnZS9ieDEwOTE3OS1ibEYwdk1FVjhKUmEuanBn,title+author,37038,The Prince of Proctology,https://cdn.mangabaka.dev/imgproxy/plain/x250@1/aHR0cHM6Ly9zNC5hbmlsaXN0LmNvL2ZpbGUvYW5pbGlzdGNkbi9tZWRpYS9tYW5nYS9jb3Zlci9sYXJnZS9ieDEwOTE3OS1ibEYwdk1FVjhKUmEuanBn,"{""al"": ""109179"", ""ap"": ""the-prince-of-proctology"", ""kt"": ""55504"", ""mu"": ""pcabuvx"", ""mal"": ""116321""}"
MangaDex,https://mangadex.org/title/5903e2ec-4134-4926-9ee8-895a77f9162f,CODE VEIN -Memory Echoes-,Shiroishi Kotoni,cross-id,36292,Code Vein: Memory Echoes,https://cdn.mangabaka.dev/imgproxy/plain/x250@1/aHR0cHM6Ly9zNC5hbmlsaXN0LmNvL2ZpbGUvYW5pbGlzdGNkbi9tZWRpYS9tYW5nYS9jb3Zlci9sYXJnZS9ieDExNjk5Mi1Zb0ZvZ1BpUlVjZUsuanBn,title+author,36292,Code Vein: Memory Echoes,https://cdn.mangabaka.dev/imgproxy/plain/x250@1/aHR0cHM6Ly9zNC5hbmlsaXN0LmNvL2ZpbGUvYW5pbGlzdGNkbi9tZWRpYS9tYW5nYS9jb3Zlci9sYXJnZS9ieDExNjk5Mi1Zb0ZvZ1BpUlVjZUsuanBn,"{""al"": ""116992"", ""ap"": ""code-vein-memory-echoes-"", ""mu"": ""h6bdp3r"", ""mal"": ""156518""}"
MangaDex,https://mangadex.org/title/5a28dc33-4f8f-479c-897b-2c5bf269b9c5,Flowers Garden: Gensou No Meikyuu,"Yoshino Sakumi, Kyoichi Aritome, Hatsu Akiko, Yoshi Masako, Nishi Keiko, Fumi Shimomura, Hagio Moto, Tamura Yumi, Sasaya Nanaeko, Kayo Endo, Misako Nichi",cross-id,77718,flowers Garden: Gensou no Meikyuu,https://cdn.mangabaka.dev/imgproxy/plain/x250@1/aHR0cHM6Ly9zNC5hbmlsaXN0LmNvL2ZpbGUvYW5pbGlzdGNkbi9tZWRpYS9tYW5nYS9jb3Zlci9sYXJnZS9ieDE3MDY0OS0wUjJSakJsWTM3QXouanBn,title+author,77718,flowers Garden: Gensou no Meikyuu,https://cdn.mangabaka.dev/imgproxy/plain/x250@1/aHR0cHM6Ly9zNC5hbmlsaXN0LmNvL2ZpbGUvYW5pbGlzdGNkbi9tZWRpYS9tYW5nYS9jb3Zlci9sYXJnZS9ieDE3MDY0OS0wUjJSakJsWTM3QXouanBn,"{""al"": ""170649"", ""mu"": ""fihgwwm""}"
MangaDex,https://mangadex.org/title/e84efd89-ce63-49c2-8cc8-1738f564ece1,R.u.N.,"Raphael Voutsidis, Kariofillis Hatzopoulos",none,,,,none,,,,{}
MangaDex,https://mangadex.org/title/102303ae-6841-4706-91f9-2276dcea2eda,Youki na Shimerike,Suzuhito Ogi,cross-id,53463,Youki na Shimerike,https://cdn.mangabaka.dev/imgproxy/plain/x250@1/aHR0cHM6Ly9zNC5hbmlsaXN0LmNvL2ZpbGUvYW5pbGlzdGNkbi9tZWRpYS9tYW5nYS9jb3Zlci9tZWRpdW0vYjExNDYxNi11d3ByeXR2TUZCTXguanBn,title+author,53463,Youki na Shimerike,https://cdn.mangabaka.dev/imgproxy/plain/x250@1/aHR0cHM6Ly9zNC5hbmlsaXN0LmNvL2ZpbGUvYW5pbGlzdGNkbi9tZWRpYS9tYW5nYS9jb3Zlci9tZWRpdW0vYjExNDYxNi11d3ByeXR2TUZCTXguanBn,"{""al"": ""114616"", ""ap"": ""youki-na-shimerike"", ""mu"": ""994fg84"", ""mal"": ""160588""}"
MangaDex,https://mangadex.org/title/fa5d4d71-4132-4107-b193-d73d52846925,Hanihoe to Iroha,Sabea Noma,cross-id,71544,Hanihoe to Iroha,https://cdn.mangabaka.dev/imgproxy/plain/x250@1/aHR0cHM6Ly9jZG4ubWFuZ2F1cGRhdGVzLmNvbS9pbWFnZS9pMjY4NzM2LmpwZw,title+author,71544,Hanihoe to Iroha,https://cdn.mangabaka.dev/imgproxy/plain/x250@1/aHR0cHM6Ly9jZG4ubWFuZ2F1cGRhdGVzLmNvbS9pbWFnZS9pMjY4NzM2LmpwZw,"{""mu"": ""olj0anw""}"
MangaFire,https://mangafire.to/manga/i-have-no-intention-of-datingg.np8wk,I Have No Intention of Dating,Seoul So,title+author,69207,Not Interested in Dating,https://cdn.mangabaka.dev/imgproxy/plain/x250@1/aHR0cHM6Ly9pbWFnZXMubWFuZ2FiYWthLmRldi9mLzEvYi9hL2EvZC84L2IvZjFkOC80MDRjL2I3MTIvZGFhNWU3M2M5ODU5,title+author,69207,Not Interested in Dating,https://cdn.mangabaka.dev/imgproxy/plain/x250@1/aHR0cHM6Ly9pbWFnZXMubWFuZ2FiYWthLmRldi9mLzEvYi9hL2EvZC84L2IvZjFkOC80MDRjL2I3MTIvZGFhNWU3M2M5ODU5,
MangaFire,https://mangafire.to/manga/school-infirmary-nurse-that-wants-to-teach-adult-stufff.72lo7,School Infirmary Nurse That Wants to Teach Adult Stuff,Zurikishi,author-conflict,,,,author-conflict,,,,
MangaFire,https://mangafire.to/manga/gangho-apocalypsee.0q2x5,Gangho Apocalypse,,title-unique,61685,The Martial World's Undead Apocalypse,https://cdn.mangabaka.dev/imgproxy/plain/x250@1/aHR0cHM6Ly9pbWFnZXMubWFuZ2FiYWthLmRldi9mL2YvNC9kL2IvOC8xLzIvNjQ5YS80N2YwL2I2NGIvNDAyYTA1YWI4MGE1,title-unique,61685,The Martial World's Undead Apocalypse,https://cdn.mangabaka.dev/imgproxy/plain/x250@1/aHR0cHM6Ly9pbWFnZXMubWFuZ2FiYWthLmRldi9mL2YvNC9kL2IvOC8xLzIvNjQ5YS80N2YwL2I2NGIvNDAyYTA1YWI4MGE1,
MangaFire,https://mangafire.to/manga/the-supreme-urban-heavenly-masterr.jj01n,The Supreme Urban Heavenly Master (Colored),乖小兽漫画,title+author,37281,The Supreme Urban Heavenly Master,https://cdn.mangabaka.dev/imgproxy/plain/x250@1/aHR0cHM6Ly9tZWRpYS5raXRzdS5hcHAvbWFuZ2EvcG9zdGVyX2ltYWdlcy81NTc0My9vcmlnaW5hbC5qcGc,title+author,37281,The Supreme Urban Heavenly Master,https://cdn.mangabaka.dev/imgproxy/plain/x250@1/aHR0cHM6Ly9tZWRpYS5raXRzdS5hcHAvbWFuZ2EvcG9zdGVyX2ltYWdlcy81NTc0My9vcmlnaW5hbC5qcGc,
MangaFire,https://mangafire.to/manga/oh-no-its-alivee.rjo0n,Oh No! It's Alive (Colored),Bao Qing Manhua,title+author,36503,Oh No! It Became A Spirit!,https://cdn.mangabaka.dev/imgproxy/plain/x250@1/aHR0cHM6Ly9zNC5hbmlsaXN0LmNvL2ZpbGUvYW5pbGlzdGNkbi9tZWRpYS9tYW5nYS9jb3Zlci9tZWRpdW0vYjExMjgyMi1pd0ZXM0lheUpGbnIuanBn,title+author,36503,Oh No! It Became A Spirit!,https://cdn.mangabaka.dev/imgproxy/plain/x250@1/aHR0cHM6Ly9zNC5hbmlsaXN0LmNvL2ZpbGUvYW5pbGlzdGNkbi9tZWRpYS9tYW5nYS9jb3Zlci9tZWRpdW0vYjExMjgyMi1pd0ZXM0lheUpGbnIuanBn,
MangaFire,https://mangafire.to/manga/cafe-velomanoo.36x9,Café Velomano,"Gali, Heryung Lee",title+author,18054,Café Velomano,https://cdn.mangabaka.dev/imgproxy/plain/x250@1/aHR0cHM6Ly9pbWFnZXMubWFuZ2FiYWthLmRldi9mL2QvYy80LzkvNy9jL2MvNGM0Ni80NWQ5LzkzYTkvMjUwZGY5YTIwZGEx,title+author,18054,Café Velomano,https://cdn.mangabaka.dev/imgproxy/plain/x250@1/aHR0cHM6Ly9pbWFnZXMubWFuZ2FiYWthLmRldi9mL2QvYy80LzkvNy9jL2MvNGM0Ni80NWQ5LzkzYTkvMjUwZGY5YTIwZGEx,
MangaFire,https://mangafire.to/manga/bushidou-sixteenn.kwpr,Bushidou Sixteen,"Jiro Ando, Tetsuya Honda",ambiguous,,,,ambiguous,,,,
MangaFire,https://mangafire.to/manga/witches-sabbathh.l90z,Witches' Sabbath,Sayman Dowman,title+author,18282,Majo no Yaen,https://cdn.mangabaka.dev/imgproxy/plain/x250@1/aHR0cHM6Ly9zNC5hbmlsaXN0LmNvL2ZpbGUvYW5pbGlzdGNkbi9tZWRpYS9tYW5nYS9jb3Zlci9sYXJnZS9ueDk4NDYyLUZyV0h2RWpwT3oxTi5qcGc,title+author,18282,Majo no Yaen,https://cdn.mangabaka.dev/imgproxy/plain/x250@1/aHR0cHM6Ly9zNC5hbmlsaXN0LmNvL2ZpbGUvYW5pbGlzdGNkbi9tZWRpYS9tYW5nYS9jb3Zlci9sYXJnZS9ueDk4NDYyLUZyV0h2RWpwT3oxTi5qcGc,
MangaFire,https://mangafire.to/manga/bullet-6mmm.pjwn9,Bullet 6mm,,title-unique,38131,Bullet 6mm,https://cdn.mangabaka.dev/imgproxy/plain/x250@1/aHR0cHM6Ly9pbWFnZXMubWFuZ2FiYWthLmRldi9kL2EvYi8xLzcvMS9kLzQvODE4OC80MzRhL2E1OWQvN2EwMDc1OWFkNDc1,title-unique,38131,Bullet 6mm,https://cdn.mangabaka.dev/imgproxy/plain/x250@1/aHR0cHM6Ly9pbWFnZXMubWFuZ2FiYWthLmRldi9kL2EvYi8xLzcvMS9kLzQvODE4OC80MzRhL2E1OWQvN2EwMDc1OWFkNDc1,
MangaFire,https://mangafire.to/manga/twin-sisterss.jjrz8,Futago Yuri,Mochi Au Lait,title+author,25787,Futago Yuri,https://cdn.mangabaka.dev/imgproxy/plain/x250@1/aHR0cHM6Ly9zNC5hbmlsaXN0LmNvL2ZpbGUvYW5pbGlzdGNkbi9tZWRpYS9tYW5nYS9jb3Zlci9sYXJnZS9ueDk5MTU2LXd1eDhlemlTenJWby5qcGc,title+author,25787,Futago Yuri,https://cdn.mangabaka.dev/imgproxy/plain/x250@1/aHR0cHM6Ly9zNC5hbmlsaXN0LmNvL2ZpbGUvYW5pbGlzdGNkbi9tZWRpYS9tYW5nYS9jb3Zlci9sYXJnZS9ueDk5MTU2LXd1eDhlemlTenJWby5qcGc,
MangaFire,https://mangafire.to/manga/hachigatsu-no-cinderella-nine-ss.xrnzv,Hachigatsu no Cinderella Nine S,"Koichiro Hoshino, Akatsuki",title+author,48548,Hachigatsu no Cinderella Nine S,https://cdn.mangabaka.dev/imgproxy/plain/x250@1/aHR0cHM6Ly9zNC5hbmlsaXN0LmNvL2ZpbGUvYW5pbGlzdGNkbi9tZWRpYS9tYW5nYS9jb3Zlci9sYXJnZS9ieDEzODA4Ni15RVhCZTRJTzN6WDIuanBn,title+author,48548,Hachigatsu no Cinderella Nine S,https://cdn.mangabaka.dev/imgproxy/plain/x250@1/aHR0cHM6Ly9zNC5hbmlsaXN0LmNvL2ZpbGUvYW5pbGlzdGNkbi9tZWRpYS9tYW5nYS9jb3Zlci9sYXJnZS9ieDEzODA4Ni15RVhCZTRJTzN6WDIuanBn,
MangaFire,https://mangafire.to/manga/doomsday-with-my-dogg.0n53,Doomsday with My Dog (Colored),Yuu Ishihara,title+author,31319,Doomsday with My Dog,https://cdn.mangabaka.dev/imgproxy/plain/x250@1/aHR0cHM6Ly9pbWFnZXMubWFuZ2FiYWthLmRldi9hLzUvNy8xL2MvMy8wLzUvMmQ0OC80ZDZmL2JhMzQvZDY2ZDlmN2ExYWE0,title+author,31319,Doomsday with My Dog,https://cdn.mangabaka.dev/imgproxy/plain/x250@1/aHR0cHM6Ly9pbWFnZXMubWFuZ2FiYWthLmRldi9hLzUvNy8xL2MvMy8wLzUvMmQ0OC80ZDZmL2JhMzQvZDY2ZDlmN2ExYWE0,
MangaFire,https://mangafire.to/manga/sucker-for-lovee.xjx9w,Sucker for Love,YU Hyeon Suk,title+author,34324,Sucker for Love,https://cdn.mangabaka.dev/imgproxy/plain/x250@1/aHR0cHM6Ly9zNC5hbmlsaXN0LmNvL2ZpbGUvYW5pbGlzdGNkbi9tZWRpYS9tYW5nYS9jb3Zlci9tZWRpdW0vYjEzOTgyMi1kQ1ZuOEJkZHhzbUIuanBn,title+author,34324,Sucker for Love,https://cdn.mangabaka.dev/imgproxy/plain/x250@1/aHR0cHM6Ly9zNC5hbmlsaXN0LmNvL2ZpbGUvYW5pbGlzdGNkbi9tZWRpYS9tYW5nYS9jb3Zlci9tZWRpdW0vYjEzOTgyMi1kQ1ZuOEJkZHhzbUIuanBn,
MangaFire,https://mangafire.to/manga/elf-to-orc-no-bll.v57zl,Elf to Orc no BL,Kadiro,title+author,44708,Elf to Orc no BL,https://cdn.mangabaka.dev/imgproxy/plain/x250@1/aHR0cHM6Ly9jZG4ubWFuZ2F1cGRhdGVzLmNvbS9pbWFnZS9pMzI5NzAxLnBuZw,title+author,44708,Elf to Orc no BL,https://cdn.mangabaka.dev/imgproxy/plain/x250@1/aHR0cHM6Ly9jZG4ubWFuZ2F1cGRhdGVzLmNvbS9pbWFnZS9pMzI5NzAxLnBuZw,
MangaFire,https://mangafire.to/manga/ookami-kodomo-no-ame-to-yukii.j1o8,Wolf Children: Ame & Yuki,"Mamoru Hosoda, Yuu",title+author,14995,Wolf Children: Ame & Yuki,https://cdn.mangabaka.dev/imgproxy/plain/x250@1/aHR0cHM6Ly9pbWFnZXMubWFuZ2FiYWthLmRldi9lL2MvMS83LzUvOC9hLzEvMWZhMi80NzBhL2ExNzMvNzMwZjkyNzQ1M2Vi,title+author,14995,Wolf Children: Ame & Yuki,https://cdn.mangabaka.dev/imgproxy/plain/x250@1/aHR0cHM6Ly9pbWFnZXMubWFuZ2FiYWthLmRldi9lL2MvMS83LzUvOC9hLzEvMWZhMi80NzBhL2ExNzMvNzMwZjkyNzQ1M2Vi,
MangaFire,https://mangafire.to/manga/player-rebornn.jjy14,The Reborn Super Player (Colored),Meng Xiao Hua,title+author,34208,The Reborn Super Player,https://cdn.mangabaka.dev/imgproxy/plain/x250@1/aHR0cHM6Ly9zNC5hbmlsaXN0LmNvL2ZpbGUvYW5pbGlzdGNkbi9tZWRpYS9tYW5nYS9jb3Zlci9tZWRpdW0vYjExMDA3OC1qSW5LOFpTNHk3aWUuanBn,title+author,34208,The Reborn Super Player,https://cdn.mangabaka.dev/imgproxy/plain/x250@1/aHR0cHM6Ly9zNC5hbmlsaXN0LmNvL2ZpbGUvYW5pbGlzdGNkbi9tZWRpYS9tYW5nYS9jb3Zlci9tZWRpdW0vYjExMDA3OC1qSW5LOFpTNHk3aWUuanBn,
MangaFire,https://mangafire.to/manga/rizelminee.97jn,Rizelmine,Yukiru Sugisaki,title+author,14168,Rizelmine,https://cdn.mangabaka.dev/imgproxy/plain/x250@1/aHR0cHM6Ly9zNC5hbmlsaXN0LmNvL2ZpbGUvYW5pbGlzdGNkbi9tZWRpYS9tYW5nYS9jb3Zlci9tZWRpdW0vYjMwNTAxLTZSUXlKQXlKTVBqci5qcGc,title+author,14168,Rizelmine,https://cdn.mangabaka.dev/imgproxy/plain/x250@1/aHR0cHM6Ly9zNC5hbmlsaXN0LmNvL2ZpbGUvYW5pbGlzdGNkbi9tZWRpYS9tYW5nYS9jb3Zlci9tZWRpdW0vYjMwNTAxLTZSUXlKQXlKTVBqci5qcGc,
MangaFire,https://mangafire.to/manga/zettai-ni-hatarakitakunai-dungeon-master-ga-damin-wo-musaboru-madee.lv1n,Lazy Dungeon Master,"Nanaroku, Spanner Onikage",title+author,9072,Lazy Dungeon Master,https://cdn.mangabaka.dev/imgproxy/plain/x250@1/aHR0cHM6Ly9pbWFnZXMubWFuZ2FiYWthLmRldi9hLzAvMC9jLzcvOC80LzQvNzYyOC80ODNlLzhhZmMvY2ZlMmM3ZDQxNDI2,title+author,9072,Lazy Dungeon Master,https://cdn.mangabaka.dev/imgproxy/plain/x250@1/aHR0cHM6Ly9pbWFnZXMubWFuZ2FiYWthLmRldi9hLzAvMC9jLzcvOC80LzQvNzYyOC80ODNlLzhhZmMvY2ZlMmM3ZDQxNDI2,
MangaFire,https://mangafire.to/manga/sunu-sumu-muriku-no-koibitoo.15pm,Sunu Sumu Muriku no Koibito,"Taamo, Shinji Nojima",title+author,17929,Sunu Sumu Muriku no Koibito,https://cdn.mangabaka.dev/imgproxy/plain/x250@1/aHR0cHM6Ly9zNC5hbmlsaXN0LmNvL2ZpbGUvYW5pbGlzdGNkbi9tZWRpYS9tYW5nYS9jb3Zlci9sYXJnZS9ieDU3NTI5LUg4TkRId2k3cFdBRy5qcGc,title+author,17929,Sunu Sumu Muriku no Koibito,https://cdn.mangabaka.dev/imgproxy/plain/x250@1/aHR0cHM6Ly9zNC5hbmlsaXN0LmNvL2ZpbGUvYW5pbGlzdGNkbi9tZWRpYS9tYW5nYS9jb3Zlci9sYXJnZS9ieDU3NTI5LUg4TkRId2k3cFdBRy5qcGc,
MangaFire,https://mangafire.to/manga/ibara-chan-cant-rebell.kwy94,Ibara-Chan Can't Rebel!,Aoi Fujiwara,title+author,476,Ibara-chan Can't Rebel!,https://cdn.mangabaka.dev/imgproxy/plain/x250@1/aHR0cHM6Ly9zNC5hbmlsaXN0LmNvL2ZpbGUvYW5pbGlzdGNkbi9tZWRpYS9tYW5nYS9jb3Zlci9sYXJnZS9ieDExNjk4NS02aHZnYVRzdDdGckIuanBn,title+author,476,Ibara-chan Can't Rebel!,https://cdn.mangabaka.dev/imgproxy/plain/x250@1/aHR0cHM6Ly9zNC5hbmlsaXN0LmNvL2ZpbGUvYW5pbGlzdGNkbi9tZWRpYS9tYW5nYS9jb3Zlci9sYXJnZS9ieDExNjk4NS02aHZnYVRzdDdGckIuanBn,
MangaFire,https://mangafire.to/manga/lovers-alphaa.6zo9,Lovers Alpha,Susugi Sakurai,title+author,13681,Lovers Alpha,https://cdn.mangabaka.dev/imgproxy/plain/x250@1/aHR0cHM6Ly9zNC5hbmlsaXN0LmNvL2ZpbGUvYW5pbGlzdGNkbi9tZWRpYS9tYW5nYS9jb3Zlci9sYXJnZS9ieDY5NTMzLVdSSERGNjNWSnJZai5qcGc,title+author,13681,Lovers Alpha,https://cdn.mangabaka.dev/imgproxy/plain/x250@1/aHR0cHM6Ly9zNC5hbmlsaXN0LmNvL2ZpbGUvYW5pbGlzdGNkbi9tZWRpYS9tYW5nYS9jb3Zlci9sYXJnZS9ieDY5NTMzLVdSSERGNjNWSnJZai5qcGc,
MangaFire,https://mangafire.to/manga/kinniku-o-kimiee.jjz48,Kinniku o Kimie,HIGASHIURA Yuki,title+author,40238,Kinniku wo Kimie,https://cdn.mangabaka.dev/imgproxy/plain/x250@1/aHR0cHM6Ly9zNC5hbmlsaXN0LmNvL2ZpbGUvYW5pbGlzdGNkbi9tZWRpYS9tYW5nYS9jb3Zlci9sYXJnZS9ieDExOTM2NS16blVuNTRrRGx1eXkuanBn,title+author,40238,Kinniku wo Kimie,https://cdn.mangabaka.dev/imgproxy/plain/x250@1/aHR0cHM6Ly9zNC5hbmlsaXN0LmNvL2ZpbGUvYW5pbGlzdGNkbi9tZWRpYS9tYW5nYS9jb3Zlci9sYXJnZS9ieDExOTM2NS16blVuNTRrRGx1eXkuanBn,
MangaFire,https://mangafire.to/manga/haru-no-ogawa-wa-dokidoki-suru-yoo.76wj,Haru no Ogawa wa Dokidoki Suru yo.,Mio Izumi,title+author,19306,Haru no Ogawa wa Dokidoki Suru yo.,https://cdn.mangabaka.dev/imgproxy/plain/x250@1/aHR0cHM6Ly9zNC5hbmlsaXN0LmNvL2ZpbGUvYW5pbGlzdGNkbi9tZWRpYS9tYW5nYS9jb3Zlci9tZWRpdW0vNTU2NTguanBn,title+author,19306,Haru no Ogawa wa Dokidoki Suru yo.,https://cdn.mangabaka.dev/imgproxy/plain/x250@1/aHR0cHM6Ly9zNC5hbmlsaXN0LmNvL2ZpbGUvYW5pbGlzdGNkbi9tZWRpYS9tYW5nYS9jb3Zlci9tZWRpdW0vNTU2NTguanBn,
MangaFire,https://mangafire.to/manga/bakuonn.2my4,Bakuon!!,Mimana Orimoto,title+author,4688,Bakuon!!,https://cdn.mangabaka.dev/imgproxy/plain/x250@1/aHR0cHM6Ly9zNC5hbmlsaXN0LmNvL2ZpbGUvYW5pbGlzdGNkbi9tZWRpYS9tYW5nYS9jb3Zlci9sYXJnZS9ieDYxMzM3LVFsbk5zb0VvS0dhNi5wbmc,title+author,4688,Bakuon!!,https://cdn.mangabaka.dev/imgproxy/plain/x250@1/aHR0cHM6Ly9zNC5hbmlsaXN0LmNvL2ZpbGUvYW5pbGlzdGNkbi9tZWRpYS9tYW5nYS9jb3Zlci9sYXJnZS9ieDYxMzM3LVFsbk5zb0VvS0dhNi5wbmc,
MangaFire,https://mangafire.to/manga/nanto-magorokuu.90znm,Nanto Magoroku,Kei Sadayasu,title+author,36481,The Pitcher,https://cdn.mangabaka.dev/imgproxy/plain/x250@1/aHR0cHM6Ly9pbWFnZXMubWFuZ2FiYWthLmRldi81LzUvOC9jLzIvZC9mL2UvZGIzMy80YjZjL2FjOWEvNjlmMWYzYzg5ZjI3,title+author,36481,The Pitcher,https://cdn.mangabaka.dev/imgproxy/plain/x250@1/aHR0cHM6Ly9pbWFnZXMubWFuZ2FiYWthLmRldi81LzUvOC9jLzIvZC9mL2UvZGIzMy80YjZjL2FjOWEvNjlmMWYzYzg5ZjI3,
MangaFire,https://mangafire.to/manga/curiosity-killed-the-schoolgirll.80yxv,Curiosity Killed the Schoolgirl,Seiichi Takahashi,title+author,9369,Curiosity Killed the Schoolgirl,https://cdn.mangabaka.dev/imgproxy/plain/x250@1/aHR0cHM6Ly9zNC5hbmlsaXN0LmNvL2ZpbGUvYW5pbGlzdGNkbi9tZWRpYS9tYW5nYS9jb3Zlci9sYXJnZS9ueDEwMDAwMC04YzE4QTRmcjRCbzQuanBn,title+author,9369,Curiosity Killed the Schoolgirl,https://cdn.mangabaka.dev/imgproxy/plain/x250@1/aHR0cHM6Ly9zNC5hbmlsaXN0LmNvL2ZpbGUvYW5pbGlzdGNkbi9tZWRpYS9tYW5nYS9jb3Zlci9sYXJnZS9ueDEwMDAwMC04YzE4QTRmcjRCbzQuanBn,
MangaFire,https://mangafire.to/manga/ochikazuki-ni-naritai-mangaa.prvwx,Ochikazuki ni Naritai Manga,Akitaka,ambiguous,,,,ambiguous,,,,
MangaFire,https://mangafire.to/manga/mousou-senseii.42wjo,Mousou Sensei,Yuzuchiri,title+author,3004,Mousou-sensei,https://cdn.mangabaka.dev/imgproxy/plain/x250@1/aHR0cHM6Ly9zNC5hbmlsaXN0LmNvL2ZpbGUvYW5pbGlzdGNkbi9tZWRpYS9tYW5nYS9jb3Zlci9sYXJnZS9ieDE1MDE4Ni1wSTR5NFJnQkNYTkYuanBn,title+author,3004,Mousou-sensei,https://cdn.mangabaka.dev/imgproxy/plain/x250@1/aHR0cHM6Ly9zNC5hbmlsaXN0LmNvL2ZpbGUvYW5pbGlzdGNkbi9tZWRpYS9tYW5nYS9jb3Zlci9sYXJnZS9ieDE1MDE4Ni1wSTR5NFJnQkNYTkYuanBn,
MangaFire,https://mangafire.to/manga/be-heunn.x1q,Biheun,"Jae-Han Jeong, Yeong-Chan Hwang",title+author,10021,Biheun,https://cdn.mangabaka.dev/imgproxy/plain/x250@1/aHR0cHM6Ly9zNC5hbmlsaXN0LmNvL2ZpbGUvYW5pbGlzdGNkbi9tZWRpYS9tYW5nYS9jb3Zlci9sYXJnZS9ieDExMjI0NC1La1lXRjM4aG5CVUoucG5n,title+author,10021,Biheun,https://cdn.mangabaka.dev/imgproxy/plain/x250@1/aHR0cHM6Ly9zNC5hbmlsaXN0LmNvL2ZpbGUvYW5pbGlzdGNkbi9tZWRpYS9tYW5nYS9jb3Zlci9sYXJnZS9ieDExMjI0NC1La1lXRjM4aG5CVUoucG5n,
MangaFire,https://mangafire.to/manga/uwakoii.x8n3,Uwa-Koi,Masahiro Itosugi,title+author,7756,Uwa-Koi,https://cdn.mangabaka.dev/imgproxy/plain/x250@1/aHR0cHM6Ly9pbWFnZXMubWFuZ2FiYWthLmRldi9hLzkvOC8xL2QvZi83LzkvYTM3NS80NGRjLzg2MTIvZTcwM2E0ZTQwYzJh,title+author,7756,Uwa-Koi,https://cdn.mangabaka.dev/imgproxy/plain/x250@1/aHR0cHM6Ly9pbWFnZXMubWFuZ2FiYWthLmRldi9hLzkvOC8xL2QvZi83LzkvYTM3NS80NGRjLzg2MTIvZTcwM2E0ZTQwYzJh,
MangaFire,https://mangafire.to/manga/charlotte-the-4-koma-seshun-o-kakenukeroo.nry8j,Charlotte the 4-koma - Seshun o Kakenukero!,Haruka Komowata,title+author,21772,Charlotte the 4-koma: Seishun wo Kakenukero!,https://cdn.mangabaka.dev/imgproxy/plain/x250@1/aHR0cHM6Ly9zNC5hbmlsaXN0LmNvL2ZpbGUvYW5pbGlzdGNkbi9tZWRpYS9tYW5nYS9jb3Zlci9sYXJnZS9ieDk1MzE4LVkxUExaamJQYjNPOS5qcGc,title+author,21772,Charlotte the 4-koma: Seishun wo Kakenukero!,https://cdn.mangabaka.dev/imgproxy/plain/x250@1/aHR0cHM6Ly9zNC5hbmlsaXN0LmNvL2ZpbGUvYW5pbGlzdGNkbi9tZWRpYS9tYW5nYS9jb3Zlci9sYXJnZS9ieDk1MzE4LVkxUExaamJQYjNPOS5qcGc,
MangaFire,https://mangafire.to/manga/mamono-no-ongaeshii.w133k,Mamono no Ongaeshi,Shuu Torihara,title+author,45363,Mamono no Ongaeshi,https://cdn.mangabaka.dev/imgproxy/plain/x250@1/aHR0cHM6Ly9zNC5hbmlsaXN0LmNvL2ZpbGUvYW5pbGlzdGNkbi9tZWRpYS9tYW5nYS9jb3Zlci9sYXJnZS9ieDEyODk1NS15Qk9ia2pCY2JVbGsucG5n,title+author,45363,Mamono no Ongaeshi,https://cdn.mangabaka.dev/imgproxy/plain/x250@1/aHR0cHM6Ly9zNC5hbmlsaXN0LmNvL2ZpbGUvYW5pbGlzdGNkbi9tZWRpYS9tYW5nYS9jb3Zlci9sYXJnZS9ieDEyODk1NS15Qk9ia2pCY2JVbGsucG5n,
MangaFire,https://mangafire.to/manga/narutaruu.pj6q,Shadow Star☆,Mohiro Kitoh,title+author,2092,Shadow Star☆,https://cdn.mangabaka.dev/imgproxy/plain/x250@1/aHR0cHM6Ly9zNC5hbmlsaXN0LmNvL2ZpbGUvYW5pbGlzdGNkbi9tZWRpYS9tYW5nYS9jb3Zlci9sYXJnZS9ieDMxMTUzLWJzNHRYSHRyR1gzYS5qcGc,title+author,2092,Shadow Star☆,https://cdn.mangabaka.dev/imgproxy/plain/x250@1/aHR0cHM6Ly9zNC5hbmlsaXN0LmNvL2ZpbGUvYW5pbGlzdGNkbi9tZWRpYS9tYW5nYS9jb3Zlci9sYXJnZS9ieDMxMTUzLWJzNHRYSHRyR1gzYS5qcGc,
MangaFire,https://mangafire.to/manga/gakkou-no-senseii.1onv,Gakkou no Sensei,Kazura Matsumoto,title+author,12506,School Teacher,https://cdn.mangabaka.dev/imgproxy/plain/x250@1/aHR0cHM6Ly9zNC5hbmlsaXN0LmNvL2ZpbGUvYW5pbGlzdGNkbi9tZWRpYS9tYW5nYS9jb3Zlci9sYXJnZS9ieDQ2ODg1LXRqWjhDY0dDY1o3Zy5qcGc,title+author,12506,School Teacher,https://cdn.mangabaka.dev/imgproxy/plain/x250@1/aHR0cHM6Ly9zNC5hbmlsaXN0LmNvL2ZpbGUvYW5pbGlzdGNkbi9tZWRpYS9tYW5nYS9jb3Zlci9sYXJnZS9ieDQ2ODg1LXRqWjhDY0dDY1o3Zy5qcGc,
MangaFire,https://mangafire.to/manga/looks-like-rainn.vvpp2,Looks Like Rain,Taeko Watanabe,title+author,38175,Ame ni Niteiru,https://cdn.mangabaka.dev/imgproxy/plain/x250@1/aHR0cHM6Ly9zNC5hbmlsaXN0LmNvL2ZpbGUvYW5pbGlzdGNkbi9tZWRpYS9tYW5nYS9jb3Zlci9sYXJnZS9ieDUwODkwLXdLWnRTVlFVdzdqay5qcGc,title+author,38175,Ame ni Niteiru,https://cdn.mangabaka.dev/imgproxy/plain/x250@1/aHR0cHM6Ly9zNC5hbmlsaXN0LmNvL2ZpbGUvYW5pbGlzdGNkbi9tZWRpYS9tYW5nYS9jb3Zlci9sYXJnZS9ieDUwODkwLXdLWnRTVlFVdzdqay5qcGc,
MangaFire,https://mangafire.to/manga/roomm.7248,Room,,ambiguous,,,,ambiguous,,,,
MangaFire,https://mangafire.to/manga/chiisakobeee.m20mz,Chiisakobee,"Minetaro Mochizuki, Shuugorou Yamamoto",title+author,23564,Chiisakobee,https://cdn.mangabaka.dev/imgproxy/plain/x250@1/aHR0cHM6Ly9pbWFnZXMubWFuZ2FiYWthLmRldi81L2YvNC8zL2UvZi9jLzAvZmVmZi80Yzc4Lzk1NTMvYjU3NGUzM2NiYzc4,title+author,23564,Chiisakobee,https://cdn.mangabaka.dev/imgproxy/plain/x250@1/aHR0cHM6Ly9pbWFnZXMubWFuZ2FiYWthLmRldi81L2YvNC8zL2UvZi9jLzAvZmVmZi80Yzc4Lzk1NTMvYjU3NGUzM2NiYzc4,
MangaFire,https://mangafire.to/manga/dramatic-irony22.6vq90,Dramatic Irony,FUJISAKI Ryu,title+author,40250,Dramatic Irony,https://cdn.mangabaka.dev/imgproxy/plain/x250@1/aHR0cHM6Ly9zNC5hbmlsaXN0LmNvL2ZpbGUvYW5pbGlzdGNkbi9tZWRpYS9tYW5nYS9jb3Zlci9tZWRpdW0vYjQwNjc4LW12OHRMZXB5QkhMcC5wbmc,title+author,40250,Dramatic Irony,https://cdn.mangabaka.dev/imgproxy/plain/x250@1/aHR0cHM6Ly9zNC5hbmlsaXN0LmNvL2ZpbGUvYW5pbGlzdGNkbi9tZWRpYS9tYW5nYS9jb3Zlci9tZWRpdW0vYjQwNjc4LW12OHRMZXB5QkhMcC5wbmc,
MangaFire,https://mangafire.to/manga/i-was-planning-to-become-a-loyal-swordd.5233q,Cassmire: The Loyal Sword,"Si-ion, ilye",title+author,53211,Cassmire: The Loyal Sword,https://cdn.mangabaka.dev/imgproxy/plain/x250@1/aHR0cHM6Ly9pbWFnZXMubWFuZ2FiYWthLmRldi83L2QvNS81L2IvYi9hLzYvOTVjNS80MmE2Lzg5ZTUvYWM5Y2YxMDQ4ODIx,title+author,53211,Cassmire: The Loyal Sword,https://cdn.mangabaka.dev/imgproxy/plain/x250@1/aHR0cHM6Ly9pbWFnZXMubWFuZ2FiYWthLmRldi83L2QvNS81L2IvYi9hLzYvOTVjNS80MmE2Lzg5ZTUvYWM5Y2YxMDQ4ODIx,
MangaFire,https://mangafire.to/manga/despotic-loverr.8p2q,Haou Airen,Mayu Shinjou,title+author,15099,Haou♥Airen,https://cdn.mangabaka.dev/imgproxy/plain/x250@1/aHR0cHM6Ly9zNC5hbmlsaXN0LmNvL2ZpbGUvYW5pbGlzdGNkbi9tZWRpYS9tYW5nYS9jb3Zlci9sYXJnZS9ieDMwNjg0LVFZdHV0ZmtMRGRzYS5qcGc,title+author,15099,Haou♥Airen,https://cdn.mangabaka.dev/imgproxy/plain/x250@1/aHR0cHM6Ly9zNC5hbmlsaXN0LmNvL2ZpbGUvYW5pbGlzdGNkbi9tZWRpYS9tYW5nYS9jb3Zlci9sYXJnZS9ieDMwNjg0LVFZdHV0ZmtMRGRzYS5qcGc,
MangaFire,https://mangafire.to/manga/sousou-no-frieren-gaku-paro-na-shutaferuu.1qxvv,Sousou no Frieren - Gaku Paro na Shutaferu (Colored),Echigawa Ryuuka,none,,,,none,,,,
MangaFire,https://mangafire.to/manga/kimi-to-houkago-haru-aoii.oj7xy,Kimi to Houkago. (Haru Aoi),Haru Aoi,title+author,24894,Kimi to Houkago,https://cdn.mangabaka.dev/imgproxy/plain/x250@1/aHR0cHM6Ly9zNC5hbmlsaXN0LmNvL2ZpbGUvYW5pbGlzdGNkbi9tZWRpYS9tYW5nYS9jb3Zlci9tZWRpdW0vYjEwODgwOC12M2tnZmhNd3lsaTQuanBn,title+author,24894,Kimi to Houkago,https://cdn.mangabaka.dev/imgproxy/plain/x250@1/aHR0cHM6Ly9zNC5hbmlsaXN0LmNvL2ZpbGUvYW5pbGlzdGNkbi9tZWRpYS9tYW5nYS9jb3Zlci9tZWRpdW0vYjEwODgwOC12M2tnZmhNd3lsaTQuanBn,
MangaFire,https://mangafire.to/manga/mobu-kei-danshi-no-yuuutsuu.02417,The Mob Men's Melancholy,Kikka Ohashi,title+author,33676,The Mob Men's Melancholy,https://cdn.mangabaka.dev/imgproxy/plain/x250@1/aHR0cHM6Ly9zNC5hbmlsaXN0LmNvL2ZpbGUvYW5pbGlzdGNkbi9tZWRpYS9tYW5nYS9jb3Zlci9sYXJnZS9ieDEwMDA1MS1Tc3lOTzR0R3d2NGsuanBn,title+author,33676,The Mob Men's Melancholy,https://cdn.mangabaka.dev/imgproxy/plain/x250@1/aHR0cHM6Ly9zNC5hbmlsaXN0LmNvL2ZpbGUvYW5pbGlzdGNkbi9tZWRpYS9tYW5nYS9jb3Zlci9sYXJnZS9ieDEwMDA1MS1Tc3lOTzR0R3d2NGsuanBn,
MangaFire,https://mangafire.to/manga/nct-dream-contactt.yv9kp,NCT: Dream Contact,,title-unique,92538,NCT: Dream Contact,https://cdn.mangabaka.dev/imgproxy/plain/x250@1/aHR0cHM6Ly9pbWFnZXMubWFuZ2FiYWthLmRldi9jLzgvZi9mL2UvMy9lL2EvMDI1Ni80OWQ1L2FlZDIvYzFlZjkzZjExMGMz,title-unique,92538,NCT: Dream Contact,https://cdn.mangabaka.dev/imgproxy/plain/x250@1/aHR0cHM6Ly9pbWFnZXMubWFuZ2FiYWthLmRldi9jLzgvZi9mL2UvMy9lL2EvMDI1Ni80OWQ1L2FlZDIvYzFlZjkzZjExMGMz,
MangaFire,https://mangafire.to/manga/isekai-omotenashi-gohann.7jxz6,Isekai Omotenashi Gohan,"Shinobumaru, Medamayaki",title+author,28789,Different World Hospitality Meals,https://cdn.mangabaka.dev/imgproxy/plain/x250@1/aHR0cHM6Ly9zNC5hbmlsaXN0LmNvL2ZpbGUvYW5pbGlzdGNkbi9tZWRpYS9tYW5nYS9jb3Zlci9sYXJnZS9ueDEwMTEyOS1kaFBwUU5LeEpXSlEuanBn,title+author,28789,Different World Hospitality Meals,https://cdn.mangabaka.dev/imgproxy/plain/x250@1/aHR0cHM6Ly9zNC5hbmlsaXN0LmNvL2ZpbGUvYW5pbGlzdGNkbi9tZWRpYS9tYW5nYS9jb3Zlci9sYXJnZS9ueDEwMTEyOS1kaFBwUU5LeEpXSlEuanBn,
MangaFire,https://mangafire.to/manga/nallari-sueopp.jj83,Nallari Sueop,"Doo Yeon, Ye Vin Kim",title+author,11025,Nallari Sueop,https://cdn.mangabaka.dev/imgproxy/plain/x250@1/aHR0cHM6Ly9pbWFnZXMubWFuZ2FiYWthLmRldi80LzUvZC9lLzkvNy81L2YvZTViMi80ZTc1Lzg3NTEvMDQxOTFjNGFhMGMx,title+author,11025,Nallari Sueop,https://cdn.mangabaka.dev/imgproxy/plain/x250@1/aHR0cHM6Ly9pbWFnZXMubWFuZ2FiYWthLmRldi80LzUvZC9lLzkvNy81L2YvZTViMi80ZTc1Lzg3NTEvMDQxOTFjNGFhMGMx,
MangaFire,https://mangafire.to/manga/bu-xiaoxin-jiarule-mo-menn.90n48,Accidentally Joined The Demon Cult,,title-unique,152186,Bu Xiaoxin Jiarule Mo Men,https://cdn.mangabaka.dev/imgproxy/plain/x250@1/aHR0cHM6Ly9zNC5hbmlsaXN0LmNvL2ZpbGUvYW5pbGlzdGNkbi9tZWRpYS9tYW5nYS9jb3Zlci9tZWRpdW0vYjE0OTAwMi1ZcHFLNkoycHFxWEEuanBn,title-unique,152186,Bu Xiaoxin Jiarule Mo Men,https://cdn.mangabaka.dev/imgproxy/plain/x250@1/aHR0cHM6Ly9zNC5hbmlsaXN0LmNvL2ZpbGUvYW5pbGlzdGNkbi9tZWRpYS9tYW5nYS9jb3Zlci9tZWRpdW0vYjE0OTAwMi1ZcHFLNkoycHFxWEEuanBn,
MangaFire,https://mangafire.to/manga/romance-no-kaorii.92l9q,Romance no Kaori,Kou Fujisaki,title+author,29790,Romance no Kaori,https://cdn.mangabaka.dev/imgproxy/plain/x250@1/aHR0cHM6Ly9zNC5hbmlsaXN0LmNvL2ZpbGUvYW5pbGlzdGNkbi9tZWRpYS9tYW5nYS9jb3Zlci9sYXJnZS9ieDQxOTgyLUdRanlTSHBuMW1DcS5qcGc,title+author,29790,Romance no Kaori,https://cdn.mangabaka.dev/imgproxy/plain/x250@1/aHR0cHM6Ly9zNC5hbmlsaXN0LmNvL2ZpbGUvYW5pbGlzdGNkbi9tZWRpYS9tYW5nYS9jb3Zlci9sYXJnZS9ieDQxOTgyLUdRanlTSHBuMW1DcS5qcGc,
MangaFire,https://mangafire.to/manga/amayakasanaide-fuku-shachou-danna-sama-wa-ssrr.xrn58,Amayakasanaide Fuku Shachou ~Danna-sama wa SSR~,Kana Nakatsuki,title+author,42146,"Don’t Tempt Me, VP!",https://cdn.mangabaka.dev/imgproxy/plain/x250@1/aHR0cHM6Ly9zNC5hbmlsaXN0LmNvL2ZpbGUvYW5pbGlzdGNkbi9tZWRpYS9tYW5nYS9jb3Zlci9sYXJnZS9ieDEyMTU2Ni0zd1hNQzZzZDQwazkuanBn,title+author,42146,"Don’t Tempt Me, VP!",https://cdn.mangabaka.dev/imgproxy/plain/x250@1/aHR0cHM6Ly9zNC5hbmlsaXN0LmNvL2ZpbGUvYW5pbGlzdGNkbi9tZWRpYS9tYW5nYS9jb3Zlci9sYXJnZS9ieDEyMTU2Ni0zd1hNQzZzZDQwazkuanBn,
MangaFire,https://mangafire.to/manga/chokotto-himee.2jj5,Chokotto Hime,Ayami Kazama,title+author,15262,Chokotto Hime,https://cdn.mangabaka.dev/imgproxy/plain/x250@1/aHR0cHM6Ly9zNC5hbmlsaXN0LmNvL2ZpbGUvYW5pbGlzdGNkbi9tZWRpYS9tYW5nYS9jb3Zlci9sYXJnZS9ieDM4NDcwLWNEd1JJUDhnQnBVay5wbmc,title+author,15262,Chokotto Hime,https://cdn.mangabaka.dev/imgproxy/plain/x250@1/aHR0cHM6Ly9zNC5hbmlsaXN0LmNvL2ZpbGUvYW5pbGlzdGNkbi9tZWRpYS9tYW5nYS9jb3Zlci9sYXJnZS9ieDM4NDcwLWNEd1JJUDhnQnBVay5wbmc,
AsuraScans,https://asurascans.com/comics/debtbound-by-blood,Debtbound by Blood,Black and White,author-conflict,,,,author-conflict,,,,
AsuraScans,https://asurascans.com/comics/the-challenger,The Challenger,TryTry,title+author,50277,The Challenger,https://cdn.mangabaka.dev/imgproxy/plain/x250@1/aHR0cHM6Ly9pbWFnZXMubWFuZ2FiYWthLmRldi83LzUvMy9lLzIvZi8yL2MvY2JhZS80MjA4L2E3ZmYvYzFiYTczY2I0ODJi,title+author,50277,The Challenger,https://cdn.mangabaka.dev/imgproxy/plain/x250@1/aHR0cHM6Ly9pbWFnZXMubWFuZ2FiYWthLmRldi83LzUvMy9lLzIvZi8yL2MvY2JhZS80MjA4L2E3ZmYvYzFiYTczY2I0ODJi,
AsuraScans,https://asurascans.com/comics/i-grow-stronger-by-eating,I Grow Stronger By Eating!,Frost Mourne,title+author,3605,I Get Stronger the More I Eat,https://cdn.mangabaka.dev/imgproxy/plain/x250@1/aHR0cHM6Ly9pbWFnZXMubWFuZ2FiYWthLmRldi9iLzkvOS9mLzQvMy8xL2YvOTRmYi80YWYzL2JmNzUvOTY0YjI4MDE3MjJk,title+author,3605,I Get Stronger the More I Eat,https://cdn.mangabaka.dev/imgproxy/plain/x250@1/aHR0cHM6Ly9pbWFnZXMubWFuZ2FiYWthLmRldi9iLzkvOS9mLzQvMy8xL2YvOTRmYi80YWYzL2JmNzUvOTY0YjI4MDE3MjJk,
AsuraScans,https://asurascans.com/comics/rise-of-the-fallen-kingdoms-third-prince,Rise of the Fallen Kingdom's Third Prince,Lee Jung Min,title+author,354853,Regression of the Third Prince,https://cdn.mangabaka.dev/imgproxy/plain/x250@1/aHR0cHM6Ly9pbWFnZXMubWFuZ2FiYWthLmRldi81LzkvNC81LzYvNi82LzYvNGFmYy80OWI5L2JmYzkvMGQzNzQwZDM4YjA2,title+author,354853,Regression of the Third Prince,https://cdn.mangabaka.dev/imgproxy/plain/x250@1/aHR0cHM6Ly9pbWFnZXMubWFuZ2FiYWthLmRldi81LzkvNC81LzYvNi82LzYvNGFmYy80OWI5L2JmYzkvMGQzNzQwZDM4YjA2,
AsuraScans,https://asurascans.com/comics/regressing-with-the-kings-power,Regressing with the King’s Power,Ahn Soseol,title+author,73161,Returned by the King,https://cdn.mangabaka.dev/imgproxy/plain/x250@1/aHR0cHM6Ly9pbWFnZXMubWFuZ2FiYWthLmRldi80LzgvYi9mLzIvYS9hL2IvMWY1ZC80YzVhL2FlZjUvMzE0OGQ0OTE4YWY5,title+author,73161,Returned by the King,https://cdn.mangabaka.dev/imgproxy/plain/x250@1/aHR0cHM6Ly9pbWFnZXMubWFuZ2FiYWthLmRldi80LzgvYi9mLzIvYS9hL2IvMWY1ZC80YzVhL2FlZjUvMzE0OGQ0OTE4YWY5,
AsuraScans,https://asurascans.com/comics/solo-bug-player,Solo Bug Player,Cheongcho,title+author,6774,Solo Glitch Player,https://cdn.mangabaka.dev/imgproxy/plain/x250@1/aHR0cHM6Ly9pbWFnZXMubWFuZ2FiYWthLmRldi85L2UvYy83LzkvZC9iLzYvYWQ5YS80N2E5LzkxM2MvZDRiMWJiMmNlM2E3,title+author,6774,Solo Glitch Player,https://cdn.mangabaka.dev/imgproxy/plain/x250@1/aHR0cHM6Ly9pbWFnZXMubWFuZ2FiYWthLmRldi85L2UvYy83LzkvZC9iLzYvYWQ5YS80N2E5LzkxM2MvZDRiMWJiMmNlM2E3,
AsuraScans,https://asurascans.com/comics/dangerous-dungeon-escape,Dangerous Dungeon Escape,Hot Six,title+author,7267,Dangerous Dungeon Escape,https://cdn.mangabaka.dev/imgproxy/plain/x250@1/aHR0cHM6Ly9pbWFnZXMubWFuZ2FiYWthLmRldi81LzMvYi9mLzcvMi85L2UvYTJjZS80OTlmL2I2MmEvYjg5ZTcyMmRkMTUx,title+author,7267,Dangerous Dungeon Escape,https://cdn.mangabaka.dev/imgproxy/plain/x250@1/aHR0cHM6Ly9pbWFnZXMubWFuZ2FiYWthLmRldi81LzMvYi9mLzcvMi85L2UvYTJjZS80OTlmL2I2MmEvYjg5ZTcyMmRkMTUx,
AsuraScans,https://asurascans.com/comics/the-crown-prince-that-sells-medicine,The Crown Prince That Sells Medicine,Mun Baeg Kyeong,title+author,8515,The Apothecary Prince,https://cdn.mangabaka.dev/imgproxy/plain/x250@1/aHR0cHM6Ly9pbWFnZXMubWFuZ2FiYWthLmRldi8zLzEvZC9lL2QvOC8yL2QvMWRhYy80OWQ3L2JkMGIvZWRkZDc5ODhmNzkw,title+author,8515,The Apothecary Prince,https://cdn.mangabaka.dev/imgproxy/plain/x250@1/aHR0cHM6Ly9pbWFnZXMubWFuZ2FiYWthLmRldi8zLzEvZC9lL2QvOC8yL2QvMWRhYy80OWQ3L2JkMGIvZWRkZDc5ODhmNzkw,
AsuraScans,https://asurascans.com/comics/heavenly-grand-archives-young-master,Heavenly Grand Archive's Young Master,128,title+author,66518,Cheonhwa Archive's Young Master,https://cdn.mangabaka.dev/imgproxy/plain/x250@1/aHR0cHM6Ly9pbWFnZXMubWFuZ2FiYWthLmRldi83LzIvMy9iL2UvMi9lL2YvMjY4NS80Mzc4LzlhZDYvZDU5NmJiMDUzMWEx,title+author,66518,Cheonhwa Archive's Young Master,https://cdn.mangabaka.dev/imgproxy/plain/x250@1/aHR0cHM6Ly9pbWFnZXMubWFuZ2FiYWthLmRldi83LzIvMy9iL2UvMi9lL2YvMjY4NS80Mzc4LzlhZDYvZDU5NmJiMDUzMWEx,
AsuraScans,https://asurascans.com/comics/ive-become-the-villainous-empress-of-a-novel,I've Become the Villainous Empress of a Novel,Miraenavi,title+author,42364,The Rebirth of a Tyrannical Empress,https://cdn.mangabaka.dev/imgproxy/plain/x250@1/aHR0cHM6Ly9pbWFnZXMubWFuZ2FiYWthLmRldi81LzYvZC85LzgvZS82LzgvYjU4Zi80ZTI0L2IxYTkvMTQxYTUwMzg1NmYx,title+author,42364,The Rebirth of a Tyrannical Empress,https://cdn.mangabaka.dev/imgproxy/plain/x250@1/aHR0cHM6Ly9pbWFnZXMubWFuZ2FiYWthLmRldi81LzYvZC85LzgvZS82LzgvYjU4Zi80ZTI0L2IxYTkvMTQxYTUwMzg1NmYx,
AsuraScans,https://asurascans.com/comics/artifact-devouring-player,Artifact-Devouring Player,Giin,title+author,87373,Artifact-Devouring Player,https://cdn.mangabaka.dev/imgproxy/plain/x250@1/aHR0cHM6Ly9pbWFnZXMubWFuZ2FiYWthLmRldi81LzkvMi9jL2YvMS9hLzMvMTg1ZC80NjFkL2IxNDkvYTM2M2NkM2JjZmMw,title+author,87373,Artifact-Devouring Player,https://cdn.mangabaka.dev/imgproxy/plain/x250@1/aHR0cHM6Ly9pbWFnZXMubWFuZ2FiYWthLmRldi81LzkvMi9jL2YvMS9hLzMvMTg1ZC80NjFkL2IxNDkvYTM2M2NkM2JjZmMw,
AsuraScans,https://asurascans.com/comics/helmut-the-forsaken-child,Helmut: The Forsaken Child,Honyo,title+author,5386,Helmut,https://cdn.mangabaka.dev/imgproxy/plain/x250@1/aHR0cHM6Ly9pbWFnZXMubWFuZ2FiYWthLmRldi8xL2UvMy8zL2EvMS8xL2IvMTkyYy80MzVmL2FhZTQvM2ViOWYzNzdhNjIx,title+author,5386,Helmut,https://cdn.mangabaka.dev/imgproxy/plain/x250@1/aHR0cHM6Ly9pbWFnZXMubWFuZ2FiYWthLmRldi8xL2UvMy8zL2EvMS8xL2IvMTkyYy80MzVmL2FhZTQvM2ViOWYzNzdhNjIx,
AsuraScans,https://asurascans.com/comics/demon-king,Demon King,Ra In-Soo,title+author,8788,King of Hell,https://cdn.mangabaka.dev/imgproxy/plain/x250@1/aHR0cHM6Ly9zNC5hbmlsaXN0LmNvL2ZpbGUvYW5pbGlzdGNkbi9tZWRpYS9tYW5nYS9jb3Zlci9sYXJnZS9ueDMwMjc4LTJzcXBJbVAycGVidC5qcGc,title+author,8788,King of Hell,https://cdn.mangabaka.dev/imgproxy/plain/x250@1/aHR0cHM6Ly9zNC5hbmlsaXN0LmNvL2ZpbGUvYW5pbGlzdGNkbi9tZWRpYS9tYW5nYS9jb3Zlci9sYXJnZS9ueDMwMjc4LTJzcXBJbVAycGVidC5qcGc,
AsuraScans,https://asurascans.com/comics/bad-born-blood,Bad Born Blood,Baeksu Noble,author-conflict,,,,author-conflict,,,,
AsuraScans,https://asurascans.com/comics/the-lords-coins-arent-decreasing,The Lord's Coins Aren't Decreasing?!,Hong Daeui,title+author,6345,The Lord of Coins,https://cdn.mangabaka.dev/imgproxy/plain/x250@1/aHR0cHM6Ly9pbWFnZXMubWFuZ2FiYWthLmRldi9kLzkvNS80L2QvMS83LzEvNjUyZC80ZWExLzk5YWYvMDY2NTgyMDRjNGNj,title+author,6345,The Lord of Coins,https://cdn.mangabaka.dev/imgproxy/plain/x250@1/aHR0cHM6Ly9pbWFnZXMubWFuZ2FiYWthLmRldi9kLzkvNS80L2QvMS83LzEvNjUyZC80ZWExLzk5YWYvMDY2NTgyMDRjNGNj,
AsuraScans,https://asurascans.com/comics/ill-retire-after-saving-the-world,I'll Retire After Saving the World,Millem,title+author,79573,For My Own Good,https://cdn.mangabaka.dev/imgproxy/plain/x250@1/aHR0cHM6Ly9zNC5hbmlsaXN0LmNvL2ZpbGUvYW5pbGlzdGNkbi9tZWRpYS9tYW5nYS9jb3Zlci9sYXJnZS9ieDE3ODg3Ni1ZNEpJZm5lTDVycVYucG5n,title+author,79573,For My Own Good,https://cdn.mangabaka.dev/imgproxy/plain/x250@1/aHR0cHM6Ly9zNC5hbmlsaXN0LmNvL2ZpbGUvYW5pbGlzdGNkbi9tZWRpYS9tYW5nYS9jb3Zlci9sYXJnZS9ieDE3ODg3Ni1ZNEpJZm5lTDVycVYucG5n,
AsuraScans,https://asurascans.com/comics/genius-martial-arts-trainer,Genius Martial Arts Trainer,Cru Cru,author-conflict,,,,author-conflict,,,,
AsuraScans,https://asurascans.com/comics/the-heavenly-demon-cant-live-a-normal-life,The Heavenly Demon Can't Live a Normal Life,Gijema,title+author,88133,The Heavenly Demon Wants a Quiet Life,https://cdn.mangabaka.dev/imgproxy/plain/x250@1/aHR0cHM6Ly9pbWFnZXMubWFuZ2FiYWthLmRldi9jLzIvZS9jLzUvZS85L2MvM2I1Ny80Y2E0L2JkMmMvY2YzOTE3N2FmNWFi,author-conflict,,,,
AsuraScans,https://asurascans.com/comics/the-time-of-the-terminally-ill-extra,The Time of the Terminally ill Extra,Goem,title+author,77340,Bad Deeds of the Terminally Ill Empress,https://cdn.mangabaka.dev/imgproxy/plain/x250@1/aHR0cHM6Ly9pbWFnZXMubWFuZ2FiYWthLmRldi80LzMvYi84L2YvNC8yLzcvODRmYi80ZTgxLzkwYzcvNTMwYTRmNDQ5NTA4,author-conflict,,,,
AsuraScans,https://asurascans.com/comics/drug-devourer,Drug Devourer,Ara,author-conflict,,,,author-conflict,,,,
AsuraScans,https://asurascans.com/comics/necromancers-evolutionary-traits,Necromancer's Evolutionary Traits,Kim Seong-Hoon,author-conflict,,,,author-conflict,,,,
AsuraScans,https://asurascans.com/comics/academys-genius-swordmaster,Academy's Genius Swordmaster,C.H,author-conflict,,,,author-conflict,,,,
AsuraScans,https://asurascans.com/comics/the-fox-eyed-villain-of-the-demon-academy,The Fox-Eyed Villain of the Demon Academy,Ahhwe,author-conflict,,,,author-conflict,,,,
AsuraScans,https://asurascans.com/comics/the-kings-avatar,The King's Avatar,Chang Pan Yong Zhe,title+author,24944,The King's Avatar,https://cdn.mangabaka.dev/imgproxy/plain/x250@1/aHR0cHM6Ly9zNC5hbmlsaXN0LmNvL2ZpbGUvYW5pbGlzdGNkbi9tZWRpYS9tYW5nYS9jb3Zlci9sYXJnZS9ieDk3NjYyLUpaaVEyZGVEQTdMTy5qcGc,title+author,24944,The King's Avatar,https://cdn.mangabaka.dev/imgproxy/plain/x250@1/aHR0cHM6Ly9zNC5hbmlsaXN0LmNvL2ZpbGUvYW5pbGlzdGNkbi9tZWRpYS9tYW5nYS9jb3Zlci9sYXJnZS9ieDk3NjYyLUpaaVEyZGVEQTdMTy5qcGc,
AsuraScans,https://asurascans.com/comics/starting-with-13-hidden-traits,Starting With 13 Hidden Traits,Final Inspection,title+author,566672,The Player with 13 Hidden Traits,https://cdn.mangabaka.dev/imgproxy/plain/x250@1/aHR0cHM6Ly9pbWFnZXMubWFuZ2FiYWthLmRldi82L2QvYy9iLzQvNS83LzkvNTVlYy80OGZjL2E0N2QvN2RjMTc5MWUyMzI0,title+author,566672,The Player with 13 Hidden Traits,https://cdn.mangabaka.dev/imgproxy/plain/x250@1/aHR0cHM6Ly9pbWFnZXMubWFuZ2FiYWthLmRldi82L2QvYy9iLzQvNS83LzkvNTVlYy80OGZjL2E0N2QvN2RjMTc5MWUyMzI0,
AsuraScans,https://asurascans.com/comics/talent-swallowing-magician,Talent-Swallowing Magician,Bread squirrel,author-conflict,,,,author-conflict,,,,
AsuraScans,https://asurascans.com/comics/my-path-to-killing-gods-in-another-world,My Path to Killing Gods in Another World,Neoman,author-conflict,,,,author-conflict,,,,
AsuraScans,https://asurascans.com/comics/the-shepherd-wizard,The Shepherd Wizard,,title-unique,579689,The Shepherd Wizard,https://cdn.mangabaka.dev/imgproxy/plain/x250@1/aHR0cHM6Ly9pbWFnZXMubWFuZ2FiYWthLmRldi9mLzAvYS9iL2EvYi85L2IvMzQzNi80ZmNlLzkzZjEvMTI0YzZmYTdkMjEz,title-unique,579689,The Shepherd Wizard,https://cdn.mangabaka.dev/imgproxy/plain/x250@1/aHR0cHM6Ly9pbWFnZXMubWFuZ2FiYWthLmRldi9mLzAvYS9iL2EvYi85L2IvMzQzNi80ZmNlLzkzZjEvMTI0YzZmYTdkMjEz,
AsuraScans,https://asurascans.com/comics/the-dark-magician-transmigrates-after-66666-years,The Dark Magician Transmigrates After 66666 Years,Hwabong,title+author,8238,"66,666 Years: Advent of the Dark Mage",https://cdn.mangabaka.dev/imgproxy/plain/x250@1/aHR0cHM6Ly9pbWFnZXMubWFuZ2FiYWthLmRldi9hL2IvOS9lLzEvMi80L2EvMTE1NS80ODE4L2FjMjgvNWRkNzA1NmQxZWJi,title+author,8238,"66,666 Years: Advent of the Dark Mage",https://cdn.mangabaka.dev/imgproxy/plain/x250@1/aHR0cHM6Ly9pbWFnZXMubWFuZ2FiYWthLmRldi9hL2IvOS9lLzEvMi80L2EvMTE1NS80ODE4L2FjMjgvNWRkNzA1NmQxZWJi,
AsuraScans,https://asurascans.com/comics/weapon-maker,Weapon Maker,Seo Taerang,title+author,69688,Weapon Creator,https://cdn.mangabaka.dev/imgproxy/plain/x250@1/aHR0cHM6Ly9pbWFnZXMubWFuZ2FiYWthLmRldi9kL2UvYy84LzcvNi8wL2QvZmQwMi80ZjlhLzlkODMvNDRjYWRkMjZhMTc3,title+author,69688,Weapon Creator,https://cdn.mangabaka.dev/imgproxy/plain/x250@1/aHR0cHM6Ly9pbWFnZXMubWFuZ2FiYWthLmRldi9kL2UvYy84LzcvNi8wL2QvZmQwMi80ZjlhLzlkODMvNDRjYWRkMjZhMTc3,
AsuraScans,https://asurascans.com/comics/the-extras-academy-survival-guide,The Extra’s Academy Survival Guide,Corita,title+author,5307,The Extra’s Academy Survival Guide,https://cdn.mangabaka.dev/imgproxy/plain/x250@1/aHR0cHM6Ly9pbWFnZXMubWFuZ2FiYWthLmRldi9lL2UvYi8xLzUvNi9kL2UvY2Q1ZC80MTc4L2EzZWMvM2MwMjIwYzliZTUy,title+author,5307,The Extra’s Academy Survival Guide,https://cdn.mangabaka.dev/imgproxy/plain/x250@1/aHR0cHM6Ly9pbWFnZXMubWFuZ2FiYWthLmRldi9lL2UvYi8xLzUvNi9kL2UvY2Q1ZC80MTc4L2EzZWMvM2MwMjIwYzliZTUy,
AsuraScans,https://asurascans.com/comics/emperor-of-solo-play,Emperor of Solo Play,Dedart,title+author,189065,Emperor of Solo Play,https://cdn.mangabaka.dev/imgproxy/plain/x250@1/aHR0cHM6Ly9pbWFnZXMubWFuZ2FiYWthLmRldi9jLzQvZC8yL2IvOC9lL2YvM2FjMC80YTIwLzliM2UvMTE0MmYzNWZiZDkz,title+author,189065,Emperor of Solo Play,https://cdn.mangabaka.dev/imgproxy/plain/x250@1/aHR0cHM6Ly9pbWFnZXMubWFuZ2FiYWthLmRldi9jLzQvZC8yL2IvOC9lL2YvM2FjMC80YTIwLzliM2UvMTE0MmYzNWZiZDkz,
AsuraScans,https://asurascans.com/comics/a-wimps-strategy-guide-to-conquer-the-tower,A Wimp’s Strategy Guide to Conquer the Tower,Kuchikuchi,author-conflict,,,,author-conflict,,,,
AsuraScans,https://asurascans.com/comics/genius-prismatic-mage,Genius Prismatic Mage,Hasu,title+author,98362,The Genius Prismatic Mage,https://cdn.mangabaka.dev/imgproxy/plain/x250@1/aHR0cHM6Ly9pbWFnZXMubWFuZ2FiYWthLmRldi8yLzEvNy9hLzQvNi9lL2IvNjg5OC80NzgyL2E2OTMvYzY0MGViNWQxMjUw,title+author,98362,The Genius Prismatic Mage,https://cdn.mangabaka.dev/imgproxy/plain/x250@1/aHR0cHM6Ly9pbWFnZXMubWFuZ2FiYWthLmRldi8yLzEvNy9hLzQvNi9lL2IvNjg5OC80NzgyL2E2OTMvYzY0MGViNWQxMjUw,
AsuraScans,https://asurascans.com/comics/the-tutorial-is-too-hard,The Tutorial is Too Hard,Gandara,title+author,1431,The Tutorial Is Too Tough!,https://cdn.mangabaka.dev/imgproxy/plain/x250@1/aHR0cHM6Ly9pbWFnZXMubWFuZ2FiYWthLmRldi8zLzQvZi8wLzAvNy84LzIvYzYxYS80NDNmLzhiOGQvYmY1MDhlNDEzZmNh,title+author,1431,The Tutorial Is Too Tough!,https://cdn.mangabaka.dev/imgproxy/plain/x250@1/aHR0cHM6Ly9pbWFnZXMubWFuZ2FiYWthLmRldi8zLzQvZi8wLzAvNy84LzIvYzYxYS80NDNmLzhiOGQvYmY1MDhlNDEzZmNh,
AsuraScans,https://asurascans.com/comics/rise-of-the-cheat-user,Rise of The Cheat User,Mo Xiang,title+author,94353,Rise of the Cheat User,https://cdn.mangabaka.dev/imgproxy/plain/x250@1/aHR0cHM6Ly9zNC5hbmlsaXN0LmNvL2ZpbGUvYW5pbGlzdGNkbi9tZWRpYS9tYW5nYS9jb3Zlci9sYXJnZS9ieDE1ODIyOS1YWTZ4SXlDd0dYNWQuanBn,title+author,94353,Rise of the Cheat User,https://cdn.mangabaka.dev/imgproxy/plain/x250@1/aHR0cHM6Ly9zNC5hbmlsaXN0LmNvL2ZpbGUvYW5pbGlzdGNkbi9tZWRpYS9tYW5nYS9jb3Zlci9sYXJnZS9ieDE1ODIyOS1YWTZ4SXlDd0dYNWQuanBn,
AsuraScans,https://asurascans.com/comics/i-am-the-fated-villain,I Am the Fated Villain,Tianming Fanpai,title+author,704,I Am The Fated Villain,https://cdn.mangabaka.dev/imgproxy/plain/x250@1/aHR0cHM6Ly9pbWFnZXMubWFuZ2FiYWthLmRldi9kLzEvYy9iL2IvZC9jL2YvZjAzMC80MzIzLzhmZjcvMjM1OTU5ZDQ1YWMx,title+author,704,I Am The Fated Villain,https://cdn.mangabaka.dev/imgproxy/plain/x250@1/aHR0cHM6Ly9pbWFnZXMubWFuZ2FiYWthLmRldi9kLzEvYy9iL2IvZC9jL2YvZjAzMC80MzIzLzhmZjcvMjM1OTU5ZDQ1YWMx,
AsuraScans,https://asurascans.com/comics/the-demon-factions-return,The Demon Faction’s Return,Han Yoo-rim,title+author,1403,The Demon Faction’s Return,https://cdn.mangabaka.dev/imgproxy/plain/x250@1/aHR0cHM6Ly9pbWFnZXMubWFuZ2FiYWthLmRldi9hL2IvNy9hLzQvNy84LzkvYTNkYS80ZWVlLzg3NmIvY2E1ZjliZjIzZjRl,title+author,1403,The Demon Faction’s Return,https://cdn.mangabaka.dev/imgproxy/plain/x250@1/aHR0cHM6Ly9pbWFnZXMubWFuZ2FiYWthLmRldi9hL2IvNy9hLzQvNy84LzkvYTNkYS80ZWVlLzg3NmIvY2E1ZjliZjIzZjRl,
AsuraScans,https://asurascans.com/comics/murim-login,Murim Login,Zerobic,author-conflict,,,,author-conflict,,,,
AsuraScans,https://asurascans.com/comics/the-main-characters-that-only-i-know,The Main Characters That Only I Know,Mungjwi,title+author,78667,Naman Aneun Juingongdeul,https://cdn.mangabaka.dev/imgproxy/plain/x250@1/aHR0cHM6Ly9pbWFnZXMubWFuZ2FiYWthLmRldi9jL2MvOC81LzMvYS85LzAvYzUyMS80MDQ5LzliZDkvYWU4ZTk3ZDljZDg2,title+author,78667,Naman Aneun Juingongdeul,https://cdn.mangabaka.dev/imgproxy/plain/x250@1/aHR0cHM6Ly9pbWFnZXMubWFuZ2FiYWthLmRldi9jL2MvOC81LzMvYS85LzAvYzUyMS80MDQ5LzliZDkvYWU4ZTk3ZDljZDg2,
AsuraScans,https://asurascans.com/comics/the-king-of-bugs,The King Of Bugs,Tony (II),author-conflict,,,,author-conflict,,,,
AsuraScans,https://asurascans.com/comics/breakers,Breakers,Chwiryong,title+author,369805,Breakers,https://cdn.mangabaka.dev/imgproxy/plain/x250@1/aHR0cHM6Ly9pbWFnZXMubWFuZ2FiYWthLmRldi8wL2YvYS8xLzUvZi84LzkvZWNlMi80NTVmL2FjYmUvMDI0Y2QzNWRhMjY0,title+author,369805,Breakers,https://cdn.mangabaka.dev/imgproxy/plain/x250@1/aHR0cHM6Ly9pbWFnZXMubWFuZ2FiYWthLmRldi8wL2YvYS8xLzUvZi84LzkvZWNlMi80NTVmL2FjYmUvMDI0Y2QzNWRhMjY0,
AsuraScans,https://asurascans.com/comics/trait-hoarder,Trait Hoarder,LICO,title+author,80719,Ultimate Tutorial Warrior,https://cdn.mangabaka.dev/imgproxy/plain/x250@1/aHR0cHM6Ly9pbWFnZXMubWFuZ2FiYWthLmRldi9jL2UvYS9iLzQvZi9mLzIvYWYwYS80OGNmL2IwNzQvZGIwYTA0OWFmMjUy,title+author,80719,Ultimate Tutorial Warrior,https://cdn.mangabaka.dev/imgproxy/plain/x250@1/aHR0cHM6Ly9pbWFnZXMubWFuZ2FiYWthLmRldi9jL2UvYS9iLzQvZi9mLzIvYWYwYS80OGNmL2IwNzQvZGIwYTA0OWFmMjUy,
AsuraScans,https://asurascans.com/comics/sword-fanatic-wanders-through-the-night,Sword Fanatic Wanders Through The Night,JP,title+author,54240,A Dance of Swords in the Night,https://cdn.mangabaka.dev/imgproxy/plain/x250@1/aHR0cHM6Ly9pbWFnZXMubWFuZ2FiYWthLmRldi8wL2EvZS85LzYvZS9mL2QvNGE2My80NmQ3L2IxZDkvNWZjZTE5ZjM4MGU5,title+author,54240,A Dance of Swords in the Night,https://cdn.mangabaka.dev/imgproxy/plain/x250@1/aHR0cHM6Ly9pbWFnZXMubWFuZ2FiYWthLmRldi8wL2EvZS85LzYvZS9mL2QvNGE2My80NmQ3L2IxZDkvNWZjZTE5ZjM4MGU5,
AsuraScans,https://asurascans.com/comics/my-wife-is-the-demonic-cult-leader,My Wife is the Demonic Cult Leader,Jurey,title+author,186551,Magyo Gyojuui Buguni Doeeotda,https://cdn.mangabaka.dev/imgproxy/plain/x250@1/aHR0cHM6Ly9pbWFnZXMubWFuZ2FiYWthLmRldi9iLzAvOS8zL2EvMS80LzAvNGExYS80ZTgzL2I5YzQvMDRkYTMwMmNmOTI4,title+author,186551,Magyo Gyojuui Buguni Doeeotda,https://cdn.mangabaka.dev/imgproxy/plain/x250@1/aHR0cHM6Ly9pbWFnZXMubWFuZ2FiYWthLmRldi9iLzAvOS8zL2EvMS80LzAvNGExYS80ZTgzL2I5YzQvMDRkYTMwMmNmOTI4,
AsuraScans,https://asurascans.com/comics/i-captured-the-tyrants-heart,I Captured The Tyrant's Heart,Yoo Seyu,title+author,3844,I Hold the Tyrant's Heart,https://cdn.mangabaka.dev/imgproxy/plain/x250@1/aHR0cHM6Ly9pbWFnZXMubWFuZ2FiYWthLmRldi9jL2EvMy85LzgvMy8wL2IvNDEwMi80ZWMxL2I0Y2QvZjYzZjlhZjQwZjMy,title+author,3844,I Hold the Tyrant's Heart,https://cdn.mangabaka.dev/imgproxy/plain/x250@1/aHR0cHM6Ly9pbWFnZXMubWFuZ2FiYWthLmRldi9jL2EvMy85LzgvMy8wL2IvNDEwMi80ZWMxL2I0Y2QvZjYzZjlhZjQwZjMy,
AsuraScans,https://asurascans.com/comics/solo-max-level-newbie,Solo Max-Level Newbie,Maslow,title+author,1291,I’m the Max-Level Newbie,https://cdn.mangabaka.dev/imgproxy/plain/x250@1/aHR0cHM6Ly9pbWFnZXMubWFuZ2FiYWthLmRldi84LzIvMi9kL2EvNS8yL2QvZWE1Ny80N2NmL2FlZWYvMGE4OTA1NTEzOTZm,title+author,1291,I’m the Max-Level Newbie,https://cdn.mangabaka.dev/imgproxy/plain/x250@1/aHR0cHM6Ly9pbWFnZXMubWFuZ2FiYWthLmRldi84LzIvMi9kL2EvNS8yL2QvZWE1Ny80N2NmL2FlZWYvMGE4OTA1NTEzOTZm,
AsuraScans,https://asurascans.com/comics/mount-hua-sects-genius-phantom-swordsman,Mount Hua Sect's Genius Phantom Swordsman,Muhyang,title+author,92161,The Genius Swordsman of Mount Hua,https://cdn.mangabaka.dev/imgproxy/plain/x250@1/aHR0cHM6Ly9pbWFnZXMubWFuZ2FiYWthLmRldi9jL2YvNy9mL2QvZS85LzEvYjA5YS80ZTY3L2EzYWQvMGE2YTRjNTAwNDQ5,title+author,92161,The Genius Swordsman of Mount Hua,https://cdn.mangabaka.dev/imgproxy/plain/x250@1/aHR0cHM6Ly9pbWFnZXMubWFuZ2FiYWthLmRldi9jL2YvNy9mL2QvZS85LzEvYjA5YS80ZTY3L2EzYWQvMGE2YTRjNTAwNDQ5,
AsuraScans,https://asurascans.com/comics/i-regressed-as-the-duke,I Regressed As The Duke,Golaengji,title+author,309,Returned as the Duke,https://cdn.mangabaka.dev/imgproxy/plain/x250@1/aHR0cHM6Ly9pbWFnZXMubWFuZ2FiYWthLmRldi9jLzUvMi9hLzUvMy9iL2QvNGFiZi80YzRhL2JhNmMvYjhjY2EzNDM4YzQ2,title+author,309,Returned as the Duke,https://cdn.mangabaka.dev/imgproxy/plain/x250@1/aHR0cHM6Ly9pbWFnZXMubWFuZ2FiYWthLmRldi9jLzUvMi9hLzUvMy9iL2QvNGFiZi80YzRhL2JhNmMvYjhjY2EzNDM4YzQ2,
AsuraScans,https://asurascans.com/comics/the-world-after-the-end,The World After The End,S-Cynaan,title+author,5911,The World After the Fall,https://cdn.mangabaka.dev/imgproxy/plain/x250@1/aHR0cHM6Ly9pbWFnZXMubWFuZ2FiYWthLmRldi85LzAvMi9mLzUvNC82LzUvNWJiYi80MTgwL2IwODAvYWU4MGM1YjRkNTQ4,title+author,5911,The World After the Fall,https://cdn.mangabaka.dev/imgproxy/plain/x250@1/aHR0cHM6Ly9pbWFnZXMubWFuZ2FiYWthLmRldi85LzAvMi9mLzUvNC82LzUvNWJiYi80MTgwL2IwODAvYWU4MGM1YjRkNTQ4,
WebToons,https://www.webtoons.com/en/fantasy/hooky/list?title_no=425,Hooky,,title-unique,2550,Hooky,https://cdn.mangabaka.dev/imgproxy/plain/x250@1/aHR0cHM6Ly9tZWRpYS5raXRzdS5hcHAvbWFuZ2EvcG9zdGVyX2ltYWdlcy80MTI2Ni9vcmlnaW5hbC5qcGc,title-unique,2550,Hooky,https://cdn.mangabaka.dev/imgproxy/plain/x250@1/aHR0cHM6Ly9tZWRpYS5raXRzdS5hcHAvbWFuZ2EvcG9zdGVyX2ltYWdlcy80MTI2Ni9vcmlnaW5hbC5qcGc,
WebToons,https://www.webtoons.com/en/romance/my-beloved-emperor/list?title_no=6913,My Beloved Emperor,,title-unique,507942,My Beloved Emperor,https://cdn.mangabaka.dev/imgproxy/plain/x250@1/aHR0cHM6Ly9hcC1wcm94eS5tYW5nYWJha2EuZGV2L3Byb3h5LnBocD91cmw9aHR0cHM6Ly9jZG4uYW5pbWUtcGxhbmV0LmNvbS9tYW5nYS9wcmltYXJ5L215LWJlbG92ZWQtZW1wZXJvci0xLndlYnA_dD0xNzM0NjM0NTQz,title-unique,507942,My Beloved Emperor,https://cdn.mangabaka.dev/imgproxy/plain/x250@1/aHR0cHM6Ly9hcC1wcm94eS5tYW5nYWJha2EuZGV2L3Byb3h5LnBocD91cmw9aHR0cHM6Ly9jZG4uYW5pbWUtcGxhbmV0LmNvbS9tYW5nYS9wcmltYXJ5L215LWJlbG92ZWQtZW1wZXJvci0xLndlYnA_dD0xNzM0NjM0NTQz,
WebToons,https://www.webtoons.com/en/fantasy/thornstone/list?title_no=1612,Thornstone,,none,,,,none,,,,
WebToons,https://www.webtoons.com/en/drama/lets-get-divorced/list?title_no=5035,Let's Get Divorced!,,link,52907,Let's Get Divorced!,https://cdn.mangabaka.dev/imgproxy/plain/x250@1/aHR0cHM6Ly9pbWFnZXMubWFuZ2FiYWthLmRldi85LzkvZS9kL2UvOS8xLzUvYTVkNy80ZWRiLzg4NmIvNWQ5MjNlMzMxMWJm,title-unique,52907,Let's Get Divorced!,https://cdn.mangabaka.dev/imgproxy/plain/x250@1/aHR0cHM6Ly9pbWFnZXMubWFuZ2FiYWthLmRldi85LzkvZS9kL2UvOS8xLzUvYTVkNy80ZWRiLzg4NmIvNWQ5MjNlMzMxMWJm,
WebToons,https://www.webtoons.com/en/romance/honey-lemon/list?title_no=2762,Honey Lemon,,title-unique,30561,Honey Lemon,https://cdn.mangabaka.dev/imgproxy/plain/x250@1/aHR0cHM6Ly9tZWRpYS5raXRzdS5hcHAvbWFuZ2EvNjc0MjkvcG9zdGVyX2ltYWdlLzY5YjE5ZDY2NjZhNDc2ZjExZTc4MDZlZWI1MzMzZGZiLndlYnA,title-unique,30561,Honey Lemon,https://cdn.mangabaka.dev/imgproxy/plain/x250@1/aHR0cHM6Ly9tZWRpYS5raXRzdS5hcHAvbWFuZ2EvNjc0MjkvcG9zdGVyX2ltYWdlLzY5YjE5ZDY2NjZhNDc2ZjExZTc4MDZlZWI1MzMzZGZiLndlYnA,
WebToons,https://www.webtoons.com/en/romance/cinder-and-charm/list?title_no=5774,Cinder and Charm,,title-unique,496761,Cinder and Charm,https://cdn.mangabaka.dev/imgproxy/plain/x250@1/aHR0cHM6Ly9hcC1wcm94eS5tYW5nYWJha2EuZGV2L3Byb3h5LnBocD91cmw9aHR0cHM6Ly9jZG4uYW5pbWUtcGxhbmV0LmNvbS9tYW5nYS9wcmltYXJ5L2NpbmRlci1hbmQtY2hhcm0tMS53ZWJwP3Q9MTY5NzMzNDMzNg,title-unique,496761,Cinder and Charm,https://cdn.mangabaka.dev/imgproxy/plain/x250@1/aHR0cHM6Ly9hcC1wcm94eS5tYW5nYWJha2EuZGV2L3Byb3h5LnBocD91cmw9aHR0cHM6Ly9jZG4uYW5pbWUtcGxhbmV0LmNvbS9tYW5nYS9wcmltYXJ5L2NpbmRlci1hbmQtY2hhcm0tMS53ZWJwP3Q9MTY5NzMzNDMzNg,
WebToons,https://www.webtoons.com/en/romance/melting-slowly/list?title_no=6413,Melting Slowly,,link,7150,Melting Slowly,https://cdn.mangabaka.dev/imgproxy/plain/x250@1/aHR0cHM6Ly9pbWFnZXMubWFuZ2FiYWthLmRldi9jLzcvMC8wL2MvMC9lL2MvZmJlNy80ZTc0L2EzN2QvOWJjNDNjMTMwY2Y5,title-unique,7150,Melting Slowly,https://cdn.mangabaka.dev/imgproxy/plain/x250@1/aHR0cHM6Ly9pbWFnZXMubWFuZ2FiYWthLmRldi9jLzcvMC8wL2MvMC9lL2MvZmJlNy80ZTc0L2EzN2QvOWJjNDNjMTMwY2Y5,
WebToons,https://www.webtoons.com/en/romance/another-love/list?title_no=3964,Another Love,,link,60180,Another Love,https://cdn.mangabaka.dev/imgproxy/plain/x250@1/aHR0cHM6Ly9pbWFnZXMubWFuZ2FiYWthLmRldi9iLzYvMi9mLzkvZC84LzMvMTg4Ny80NmJkL2FjMzgvOWVmMjI2Mjk2Mzli,ambiguous,,,,
WebToons,https://www.webtoons.com/en/drama/my-life-as-a-loser/list?title_no=3114,My Life as a Loser,,link,38453,My Life as a Loser,https://cdn.mangabaka.dev/imgproxy/plain/x250@1/aHR0cHM6Ly9pbWFnZXMubWFuZ2FiYWthLmRldi9iL2EvMy82LzYvMS80LzgvNWNkZi80NjNlL2FlNWQvM2ZiMDZhZDRkOTk4,title-unique,38453,My Life as a Loser,https://cdn.mangabaka.dev/imgproxy/plain/x250@1/aHR0cHM6Ly9pbWFnZXMubWFuZ2FiYWthLmRldi9iL2EvMy82LzYvMS80LzgvNWNkZi80NjNlL2FlNWQvM2ZiMDZhZDRkOTk4,
WebToons,https://www.webtoons.com/en/romance/one-of-a-kind-romance/list?title_no=3359,One-of-a-Kind Romance,,link,29541,One-of-a-Kind Romance,https://cdn.mangabaka.dev/imgproxy/plain/x250@1/aHR0cHM6Ly9pbWFnZXMubWFuZ2FiYWthLmRldi9lL2IvYy85L2QvYy8zL2MvNTc1ZS80MTE2LzllMTIvMmMyYmRhZjNmZGQ3,title-unique,29541,One-of-a-Kind Romance,https://cdn.mangabaka.dev/imgproxy/plain/x250@1/aHR0cHM6Ly9pbWFnZXMubWFuZ2FiYWthLmRldi9lL2IvYy85L2QvYy8zL2MvNTc1ZS80MTE2LzllMTIvMmMyYmRhZjNmZGQ3,
WebToons,https://www.webtoons.com/en/horror/bunny-girl-and-the-cult/list?title_no=6017,Bunny Girl and the Cult,,title-unique,1555,Bunny Girl and the Cult,https://cdn.mangabaka.dev/imgproxy/plain/x250@1/aHR0cHM6Ly9hcC1wcm94eS5tYW5nYWJha2EuZGV2L3Byb3h5LnBocD91cmw9aHR0cHM6Ly9jZG4uYW5pbWUtcGxhbmV0LmNvbS9tYW5nYS9wcmltYXJ5L2J1bm55LWdpcmwtYW5kLXRoZS1jdWx0LTEud2VicD90PTE3MDQ4MzY2MTM,title-unique,1555,Bunny Girl and the Cult,https://cdn.mangabaka.dev/imgproxy/plain/x250@1/aHR0cHM6Ly9hcC1wcm94eS5tYW5nYWJha2EuZGV2L3Byb3h5LnBocD91cmw9aHR0cHM6Ly9jZG4uYW5pbWUtcGxhbmV0LmNvbS9tYW5nYS9wcmltYXJ5L2J1bm55LWdpcmwtYW5kLXRoZS1jdWx0LTEud2VicD90PTE3MDQ4MzY2MTM,
WebToons,https://www.webtoons.com/en/romance/sixth-sense-kiss/list?title_no=2921,Sixth Sense Kiss,,link,60045,Sixth Sense Kiss,https://cdn.mangabaka.dev/imgproxy/plain/x250@1/aHR0cHM6Ly9pbWFnZXMubWFuZ2FiYWthLmRldi83LzYvZS80LzgvOC9jLzMvYTE0Yy80OWY1L2FjYjAvNmE3OTQ0MGQwZDJm,title-unique,60045,Sixth Sense Kiss,https://cdn.mangabaka.dev/imgproxy/plain/x250@1/aHR0cHM6Ly9pbWFnZXMubWFuZ2FiYWthLmRldi83LzYvZS80LzgvOC9jLzMvYTE0Yy80OWY1L2FjYjAvNmE3OTQ0MGQwZDJm,
WebToons,https://www.webtoons.com/en/thriller/the-end-of-a-relationship/list?title_no=5716,The End of a Relationship,,link,46029,The End of a Relationship,https://cdn.mangabaka.dev/imgproxy/plain/x250@1/aHR0cHM6Ly9pbWFnZXMubWFuZ2FiYWthLmRldi81LzkvYi85LzEvZC9mLzAvYTgzMS80YjFlL2JmMmQvYzNlM2ZmYjE5YTM4,title-unique,46029,The End of a Relationship,https://cdn.mangabaka.dev/imgproxy/plain/x250@1/aHR0cHM6Ly9pbWFnZXMubWFuZ2FiYWthLmRldi81LzkvYi85LzEvZC9mLzAvYTgzMS80YjFlL2JmMmQvYzNlM2ZmYjE5YTM4,
WebToons,https://www.webtoons.com/en/drama/at-arms-length/list?title_no=3653,At Arm's Length,,title-unique,506694,At Arm's Length,https://cdn.mangabaka.dev/imgproxy/plain/x250@1/aHR0cHM6Ly9tZWRpYS5raXRzdS5hcHAvbWFuZ2EvcG9zdGVyX2ltYWdlcy81ODg5OS9vcmlnaW5hbC5qcGVn,title-unique,506694,At Arm's Length,https://cdn.mangabaka.dev/imgproxy/plain/x250@1/aHR0cHM6Ly9tZWRpYS5raXRzdS5hcHAvbWFuZ2EvcG9zdGVyX2ltYWdlcy81ODg5OS9vcmlnaW5hbC5qcGVn,
WebToons,https://www.webtoons.com/en/drama/winter-before-spring/list?title_no=6400,Winter Before Spring,,title-unique,378733,Winter Before Spring,https://cdn.mangabaka.dev/imgproxy/plain/x250@1/aHR0cHM6Ly9tZWRpYS5raXRzdS5hcHAvbWFuZ2EvNjIyMjAvcG9zdGVyX2ltYWdlLzY0M2EzZGFlZTM1ZGEyN2FmNTc3MTc0YjE4ZjhkYWE3LnBuZw,title-unique,378733,Winter Before Spring,https://cdn.mangabaka.dev/imgproxy/plain/x250@1/aHR0cHM6Ly9tZWRpYS5raXRzdS5hcHAvbWFuZ2EvNjIyMjAvcG9zdGVyX2ltYWdlLzY0M2EzZGFlZTM1ZGEyN2FmNTc3MTc0YjE4ZjhkYWE3LnBuZw,
WebToons,https://www.webtoons.com/en/mystery/garden-club-detective-squad/list?title_no=2410,Garden Club Detective Squad,,link,80569,Garden Club Detective Squad,https://cdn.mangabaka.dev/imgproxy/plain/x250@1/aHR0cHM6Ly9pbWFnZXMubWFuZ2FiYWthLmRldi82LzMvYy84LzQvYi9jL2EvZDc2MS80OGE4L2E3MDMvMDlhZDAwYzAyMGNk,title-unique,80569,Garden Club Detective Squad,https://cdn.mangabaka.dev/imgproxy/plain/x250@1/aHR0cHM6Ly9pbWFnZXMubWFuZ2FiYWthLmRldi82LzMvYy84LzQvYi9jL2EvZDc2MS80OGE4L2E3MDMvMDlhZDAwYzAyMGNk,
WebToons,https://www.webtoons.com/en/drama/back-to-you/list?title_no=2113,Back to You,,link,37643,Back to You,https://cdn.mangabaka.dev/imgproxy/plain/x250@1/aHR0cHM6Ly9pbWFnZXMubWFuZ2FiYWthLmRldi9hL2IvNC9iLzkvZC9kLzYvMjZhYy80NWY2Lzg1NGMvYmI1MTY4YTZhZWZk,title-unique,37643,Back to You,https://cdn.mangabaka.dev/imgproxy/plain/x250@1/aHR0cHM6Ly9pbWFnZXMubWFuZ2FiYWthLmRldi9hL2IvNC9iLzkvZC9kLzYvMjZhYy80NWY2Lzg1NGMvYmI1MTY4YTZhZWZk,
WebToons,https://www.webtoons.com/en/drama/cry-or-better-yet-beg/list?title_no=5815,"Cry, or Better Yet, Beg",,link,2870,"Cry, or Better Yet, Beg",https://cdn.mangabaka.dev/imgproxy/plain/x250@1/aHR0cHM6Ly9pbWFnZXMubWFuZ2FiYWthLmRldi85L2MvOC8wLzcvNi9jLzQvN2JiZi80OGU3LzlkMzgvNmJhNDdkYjM1MGUy,title-unique,2870,"Cry, or Better Yet, Beg",https://cdn.mangabaka.dev/imgproxy/plain/x250@1/aHR0cHM6Ly9pbWFnZXMubWFuZ2FiYWthLmRldi85L2MvOC8wLzcvNi9jLzQvN2JiZi80OGU3LzlkMzgvNmJhNDdkYjM1MGUy,
WebToons,https://www.webtoons.com/en/super-hero/shadow/list?title_no=281,SHADOW,,link,19441,Shadow,https://cdn.mangabaka.dev/imgproxy/plain/x250@1/aHR0cHM6Ly9zNC5hbmlsaXN0LmNvL2ZpbGUvYW5pbGlzdGNkbi9tZWRpYS9tYW5nYS9jb3Zlci9sYXJnZS9ieDExOTU5MC1NVExTTE85Z0V6cmQuanBn,ambiguous,,,,
WebToons,https://www.webtoons.com/en/romance/scorching-romance/list?title_no=1662,Scorching Romance,,link,34316,Scorching Romance,https://cdn.mangabaka.dev/imgproxy/plain/x250@1/aHR0cHM6Ly9pbWFnZXMubWFuZ2FiYWthLmRldi84LzkvMC84L2QvMC8wLzEvZmIyYi80OGEwL2JlMzMvZTI2NzA5MTc0NmQx,title-unique,34316,Scorching Romance,https://cdn.mangabaka.dev/imgproxy/plain/x250@1/aHR0cHM6Ly9pbWFnZXMubWFuZ2FiYWthLmRldi84LzkvMC84L2QvMC8wLzEvZmIyYi80OGEwL2JlMzMvZTI2NzA5MTc0NmQx,
WebToons,https://www.webtoons.com/en/romance/no-outtakes/list?title_no=4013,No Outtakes,,link,48825,No Outtakes,https://cdn.mangabaka.dev/imgproxy/plain/x250@1/aHR0cHM6Ly9pbWFnZXMubWFuZ2FiYWthLmRldi9mLzEvZi9jL2IvYy8yLzkvYTM1Zi80MTVkLzliNGIvMzdkNTk1MjA0YzM2,title-unique,48825,No Outtakes,https://cdn.mangabaka.dev/imgproxy/plain/x250@1/aHR0cHM6Ly9pbWFnZXMubWFuZ2FiYWthLmRldi9mLzEvZi9jL2IvYy8yLzkvYTM1Zi80MTVkLzliNGIvMzdkNTk1MjA0YzM2,
WebToons,https://www.webtoons.com/en/romance/the-perfect-contract/list?title_no=6756,The Perfect Contract,,link,78834,The Perfect Contract,https://cdn.mangabaka.dev/imgproxy/plain/x250@1/aHR0cHM6Ly9pbWFnZXMubWFuZ2FiYWthLmRldi80LzYvYy83L2QvOC9jLzAvN2RjNy80MDAyLzk3YTkvMjQ3ZWEzNGJiMGE0,title-unique,78834,The Perfect Contract,https://cdn.mangabaka.dev/imgproxy/plain/x250@1/aHR0cHM6Ly9pbWFnZXMubWFuZ2FiYWthLmRldi80LzYvYy83L2QvOC9jLzAvN2RjNy80MDAyLzk3YTkvMjQ3ZWEzNGJiMGE0,
WebToons,https://www.webtoons.com/en/thriller/see-no-evil/list?title_no=2738,See No Evil,,link,77507,See No Evil,https://cdn.mangabaka.dev/imgproxy/plain/x250@1/aHR0cHM6Ly9pbWFnZXMubWFuZ2FiYWthLmRldi9hLzgvNC84LzIvNS81LzgvYTM4ZC80OGEyL2I5MmEvZjBmZDhiNjNkZmNl,title-unique,77507,See No Evil,https://cdn.mangabaka.dev/imgproxy/plain/x250@1/aHR0cHM6Ly9pbWFnZXMubWFuZ2FiYWthLmRldi9hLzgvNC84LzIvNS81LzgvYTM4ZC80OGEyL2I5MmEvZjBmZDhiNjNkZmNl,
WebToons,https://www.webtoons.com/en/romance/a-chance-at-last/list?title_no=3909,A Chance At Last,,link,48589,A Chance At Last,https://cdn.mangabaka.dev/imgproxy/plain/x250@1/aHR0cHM6Ly9pbWFnZXMubWFuZ2FiYWthLmRldi80LzkvYi81LzcvOS9jLzQvN2I5Mi80NDZjLzk1YjYvMTJiMmNhMjBhNTc3,title-unique,48589,A Chance At Last,https://cdn.mangabaka.dev/imgproxy/plain/x250@1/aHR0cHM6Ly9pbWFnZXMubWFuZ2FiYWthLmRldi80LzkvYi81LzcvOS9jLzQvN2I5Mi80NDZjLzk1YjYvMTJiMmNhMjBhNTc3,
WebToons,https://www.webtoons.com/en/romance/secretary-out-of-order/list?title_no=3790,Secretary Out-of-Order,,link,49210,Secretary Out-of-Order,https://cdn.mangabaka.dev/imgproxy/plain/x250@1/aHR0cHM6Ly9pbWFnZXMubWFuZ2FiYWthLmRldi81L2IvZS9hLzEvYy85LzAvNDJhNi80YmM1LzgyZDIvZjdmNTJiZmY2NGVj,title-unique,49210,Secretary Out-of-Order,https://cdn.mangabaka.dev/imgproxy/plain/x250@1/aHR0cHM6Ly9pbWFnZXMubWFuZ2FiYWthLmRldi81L2IvZS9hLzEvYy85LzAvNDJhNi80YmM1LzgyZDIvZjdmNTJiZmY2NGVj,
WebToons,https://www.webtoons.com/en/drama/city-of-wall/list?title_no=505,City of Walls,,title-unique,86331,City of Walls,https://cdn.mangabaka.dev/imgproxy/plain/x250@1/aHR0cHM6Ly9tZWRpYS5raXRzdS5hcHAvbWFuZ2EvcG9zdGVyX2ltYWdlcy81NTc1NS9vcmlnaW5hbC5wbmc,title-unique,86331,City of Walls,https://cdn.mangabaka.dev/imgproxy/plain/x250@1/aHR0cHM6Ly9tZWRpYS5raXRzdS5hcHAvbWFuZ2EvcG9zdGVyX2ltYWdlcy81NTc1NS9vcmlnaW5hbC5wbmc,
WebToons,https://www.webtoons.com/en/thriller/its-mine/list?title_no=2010,It's Mine,,link,32687,It's Mine,https://cdn.mangabaka.dev/imgproxy/plain/x250@1/aHR0cHM6Ly9pbWFnZXMubWFuZ2FiYWthLmRldi82L2EvOS8xLzcvNS9hLzUvNjkxZC80MjgyLzg4ZjYvYzFlYzBmY2ZhZTlh,title-unique,32687,It's Mine,https://cdn.mangabaka.dev/imgproxy/plain/x250@1/aHR0cHM6Ly9pbWFnZXMubWFuZ2FiYWthLmRldi82L2EvOS8xLzcvNS9hLzUvNjkxZC80MjgyLzg4ZjYvYzFlYzBmY2ZhZTlh,
WebToons,https://www.webtoons.com/en/fantasy/my-virtual-god-is-a-teenage-girl/list?title_no=6530,My Virtual God is a Teenage Girl,,link,77492,My Virtual God is a Teenage Girl,https://cdn.mangabaka.dev/imgproxy/plain/x250@1/aHR0cHM6Ly9pbWFnZXMubWFuZ2FiYWthLmRldi83LzIvMC9kLzQvMC8yLzkvMDdjNy80NTY1Lzg4NDQvMGRmZGMwOTJkNzM2,title-unique,77492,My Virtual God is a Teenage Girl,https://cdn.mangabaka.dev/imgproxy/plain/x250@1/aHR0cHM6Ly9pbWFnZXMubWFuZ2FiYWthLmRldi83LzIvMC9kLzQvMC8yLzkvMDdjNy80NTY1Lzg4NDQvMGRmZGMwOTJkNzM2,
WebToons,https://www.webtoons.com/en/romance/socializing-101/list?title_no=7166,Socializing 101,,none,,,,none,,,,
WebToons,https://www.webtoons.com/en/romance/annie-green-hates-girls/list?title_no=3764,Annie Green Hates Girls,,title-unique,402851,Annie Green Hates Girls,https://cdn.mangabaka.dev/imgproxy/plain/x250@1/aHR0cHM6Ly9tZWRpYS5raXRzdS5hcHAvbWFuZ2EvNjQ5NzYvcG9zdGVyX2ltYWdlLzg1MWIzMjcxMmIyYmEyZjg3NzhiNzhjMTQyNDE5ZTU5LnBuZw,title-unique,402851,Annie Green Hates Girls,https://cdn.mangabaka.dev/imgproxy/plain/x250@1/aHR0cHM6Ly9tZWRpYS5raXRzdS5hcHAvbWFuZ2EvNjQ5NzYvcG9zdGVyX2ltYWdlLzg1MWIzMjcxMmIyYmEyZjg3NzhiNzhjMTQyNDE5ZTU5LnBuZw,
WebToons,https://www.webtoons.com/en/romance/let-me-stay-over-tonight/list?title_no=2683,Let Me Stay Over Tonight!,,link,91389,Let Me Stay Over Tonight!,https://cdn.mangabaka.dev/imgproxy/plain/x250@1/aHR0cHM6Ly9pbWFnZXMubWFuZ2FiYWthLmRldi9jLzcvMy9iL2EvYy9hL2UvZWIxZi80Njk3Lzg2ZmYvYzdkYThmNzZjMTdl,title-unique,91389,Let Me Stay Over Tonight!,https://cdn.mangabaka.dev/imgproxy/plain/x250@1/aHR0cHM6Ly9pbWFnZXMubWFuZ2FiYWthLmRldi9jLzcvMy9iL2EvYy9hL2UvZWIxZi80Njk3Lzg2ZmYvYzdkYThmNzZjMTdl,
WebToons,https://www.webtoons.com/en/romance/love-and-leashes/list?title_no=3919,Love and Leashes,,link,29983,Love and Leashes,https://cdn.mangabaka.dev/imgproxy/plain/x250@1/aHR0cHM6Ly9pbWFnZXMubWFuZ2FiYWthLmRldi85LzcvMS82LzEvMi82L2YvNTIyMS80MDZjLzkxYTQvMDQ2NTM4MWE0YzZi,title-unique,29983,Love and Leashes,https://cdn.mangabaka.dev/imgproxy/plain/x250@1/aHR0cHM6Ly9pbWFnZXMubWFuZ2FiYWthLmRldi85LzcvMS82LzEvMi82L2YvNTIyMS80MDZjLzkxYTQvMDQ2NTM4MWE0YzZi,
WebToons,https://www.webtoons.com/en/romance/console-her/list?title_no=3054,Console Her,,none,,,,none,,,,
WebToons,https://www.webtoons.com/en/action/1-second/list?title_no=4322,1 Second,,link,39062,1 Second,https://cdn.mangabaka.dev/imgproxy/plain/x250@1/aHR0cHM6Ly9pbWFnZXMubWFuZ2FiYWthLmRldi80LzAvZS9jLzQvYi9jLzUvYzRjMC80NDdjL2I2MDcvOGE1Mzc5OGJjZGI0,title-unique,39062,1 Second,https://cdn.mangabaka.dev/imgproxy/plain/x250@1/aHR0cHM6Ly9pbWFnZXMubWFuZ2FiYWthLmRldi80LzAvZS9jLzQvYi9jLzUvYzRjMC80NDdjL2I2MDcvOGE1Mzc5OGJjZGI0,
WebToons,https://www.webtoons.com/en/comedy/ode-to-our-youth/list?title_no=3898,Ode to Our Youth,,link,92764,Ode to Our Youth,https://cdn.mangabaka.dev/imgproxy/plain/x250@1/aHR0cHM6Ly9pbWFnZXMubWFuZ2FiYWthLmRldi9mLzEvOS8xLzAvMS9iLzIvZmJlNC80OTc5L2JjOWIvMGJiZGJkZmNjOTUx,title-unique,92764,Ode to Our Youth,https://cdn.mangabaka.dev/imgproxy/plain/x250@1/aHR0cHM6Ly9pbWFnZXMubWFuZ2FiYWthLmRldi9mLzEvOS8xLzAvMS9iLzIvZmJlNC80OTc5L2JjOWIvMGJiZGJkZmNjOTUx,
WebToons,https://www.webtoons.com/en/drama/sisters-at-war/list?title_no=4940,Sisters at War,,link,55732,Sisters at War,https://cdn.mangabaka.dev/imgproxy/plain/x250@1/aHR0cHM6Ly9pbWFnZXMubWFuZ2FiYWthLmRldi8xLzMvMi81LzUvMy83L2EvZDc2YS80NjliLzk1YWIvMWQ0Y2JjYWVkNjE3,title-unique,55732,Sisters at War,https://cdn.mangabaka.dev/imgproxy/plain/x250@1/aHR0cHM6Ly9pbWFnZXMubWFuZ2FiYWthLmRldi8xLzMvMi81LzUvMy83L2EvZDc2YS80NjliLzk1YWIvMWQ0Y2JjYWVkNjE3,
WebToons,https://www.webtoons.com/en/sf/if-ai-ruled-the-world/list?title_no=2605,If AI Ruled the World,,link,43944,If AI Ruled the World,https://cdn.mangabaka.dev/imgproxy/plain/x250@1/aHR0cHM6Ly9pbWFnZXMubWFuZ2FiYWthLmRldi9jL2QvOC83L2IvMi8yLzAvYjczYi80ZmFlLzg2ZGIvNjk1MWQzZjAwZjM0,title-unique,43944,If AI Ruled the World,https://cdn.mangabaka.dev/imgproxy/plain/x250@1/aHR0cHM6Ly9pbWFnZXMubWFuZ2FiYWthLmRldi9jL2QvOC83L2IvMi8yLzAvYjczYi80ZmFlLzg2ZGIvNjk1MWQzZjAwZjM0,
WebToons,https://www.webtoons.com/en/thriller/of-what-remains/list?title_no=2720,Of What Remains,,title-unique,375385,Of What Remains,https://cdn.mangabaka.dev/imgproxy/plain/x250@1/aHR0cHM6Ly9hcC1wcm94eS5tYW5nYWJha2EuZGV2L3Byb3h5LnBocD91cmw9aHR0cHM6Ly9jZG4uYW5pbWUtcGxhbmV0LmNvbS9tYW5nYS9wcmltYXJ5L29mLXdoYXQtcmVtYWlucy0xLndlYnA_dD0xNjk3ODM5Mzkz,title-unique,375385,Of What Remains,https://cdn.mangabaka.dev/imgproxy/plain/x250@1/aHR0cHM6Ly9hcC1wcm94eS5tYW5nYWJha2EuZGV2L3Byb3h5LnBocD91cmw9aHR0cHM6Ly9jZG4uYW5pbWUtcGxhbmV0LmNvbS9tYW5nYS9wcmltYXJ5L29mLXdoYXQtcmVtYWlucy0xLndlYnA_dD0xNjk3ODM5Mzkz,
WebToons,https://www.webtoons.com/en/drama/high-school-queen/list?title_no=7292,High School Queen,,link,80416,High School Queen,https://cdn.mangabaka.dev/imgproxy/plain/x250@1/aHR0cHM6Ly9pbWFnZXMubWFuZ2FiYWthLmRldi9iL2UvZS85LzEvOC85LzEvYmM5NS80Y2VjLzhjZDkvOGMxODAxYjRhMTMz,title-unique,80416,High School Queen,https://cdn.mangabaka.dev/imgproxy/plain/x250@1/aHR0cHM6Ly9pbWFnZXMubWFuZ2FiYWthLmRldi9iL2UvZS85LzEvOC85LzEvYmM5NS80Y2VjLzhjZDkvOGMxODAxYjRhMTMz,
WebToons,https://www.webtoons.com/en/drama/a-heartfelt-andante/list?title_no=5047,A Heartfelt Andante,,link,56185,A Heartfelt Andante,https://cdn.mangabaka.dev/imgproxy/plain/x250@1/aHR0cHM6Ly9pbWFnZXMubWFuZ2FiYWthLmRldi80LzIvNy9kLzUvMi82LzMvZTA0Ny80ZjI1L2FmZjcvZDY5N2E4NWQyNTk3,title-unique,56185,A Heartfelt Andante,https://cdn.mangabaka.dev/imgproxy/plain/x250@1/aHR0cHM6Ly9pbWFnZXMubWFuZ2FiYWthLmRldi80LzIvNy9kLzUvMi82LzMvZTA0Ny80ZjI1L2FmZjcvZDY5N2E4NWQyNTk3,
WebToons,https://www.webtoons.com/en/mystery/purple-hyacinth/list?title_no=1621,Purple Hyacinth,,link,45850,Purple Hyacinth,https://cdn.mangabaka.dev/imgproxy/plain/x250@1/aHR0cHM6Ly9pbWFnZXMubWFuZ2FiYWthLmRldi9mLzEvZC81L2IvMS9iLzIvN2JiNi80NDQ4L2JkYjkvMDU4OWY1ZjI2YzVi,title-unique,45850,Purple Hyacinth,https://cdn.mangabaka.dev/imgproxy/plain/x250@1/aHR0cHM6Ly9pbWFnZXMubWFuZ2FiYWthLmRldi9mLzEvZC81L2IvMS9iLzIvN2JiNi80NDQ4L2JkYjkvMDU4OWY1ZjI2YzVi,
WebToons,https://www.webtoons.com/en/drama/the-artist-salieri/list?title_no=4492,The Artist Salieri,,link,130324,The Artist Salieri,https://cdn.mangabaka.dev/imgproxy/plain/x250@1/aHR0cHM6Ly9pbWFnZXMubWFuZ2FiYWthLmRldi9mLzIvZC83L2MvYy9iLzcvMTlhZC80MjcyLzg4MWUvYTVjODU3NmU2MzM1,title-unique,130324,The Artist Salieri,https://cdn.mangabaka.dev/imgproxy/plain/x250@1/aHR0cHM6Ly9pbWFnZXMubWFuZ2FiYWthLmRldi9mLzIvZC83L2MvYy9iLzcvMTlhZC80MjcyLzg4MWUvYTVjODU3NmU2MzM1,
WebToons,https://www.webtoons.com/en/drama/yuna-and-kawachan/list?title_no=1840,Yuna & Kawachan,,title-unique,379342,Yuna & Kawachan,https://cdn.mangabaka.dev/imgproxy/plain/x250@1/aHR0cHM6Ly9tZWRpYS5raXRzdS5hcHAvbWFuZ2EvNjEyNzAvcG9zdGVyX2ltYWdlLzNmYmE3YmE1YmUwNDJiYzcxYzkwOWJhZDZlZjM0ZjliLmpwZw,title-unique,379342,Yuna & Kawachan,https://cdn.mangabaka.dev/imgproxy/plain/x250@1/aHR0cHM6Ly9tZWRpYS5raXRzdS5hcHAvbWFuZ2EvNjEyNzAvcG9zdGVyX2ltYWdlLzNmYmE3YmE1YmUwNDJiYzcxYzkwOWJhZDZlZjM0ZjliLmpwZw,
WebToons,https://www.webtoons.com/en/romance/my-office-rebound-marriage/list?title_no=5843,My Office Rebound Marriage,,link,92381,My Office Rebound Marriage,https://cdn.mangabaka.dev/imgproxy/plain/x250@1/aHR0cHM6Ly9pbWFnZXMubWFuZ2FiYWthLmRldi9jLzUvMi82LzAvZS9iL2QvZTg2NS80MmYyL2JjOGIvZGFmNmQ4ZjMxYjhl,title-unique,92381,My Office Rebound Marriage,https://cdn.mangabaka.dev/imgproxy/plain/x250@1/aHR0cHM6Ly9pbWFnZXMubWFuZ2FiYWthLmRldi9jLzUvMi82LzAvZS9iL2QvZTg2NS80MmYyL2JjOGIvZGFmNmQ4ZjMxYjhl,
WebToons,https://www.webtoons.com/en/romance/romantic-flow/list?title_no=5176,Romantic Flow,,link,53046,Romantic Flow,https://cdn.mangabaka.dev/imgproxy/plain/x250@1/aHR0cHM6Ly9zNC5hbmlsaXN0LmNvL2ZpbGUvYW5pbGlzdGNkbi9tZWRpYS9tYW5nYS9jb3Zlci9sYXJnZS9ieDE2Njg5NS1oNlhRWTVhM25MYXkuanBn,title-unique,53046,Romantic Flow,https://cdn.mangabaka.dev/imgproxy/plain/x250@1/aHR0cHM6Ly9zNC5hbmlsaXN0LmNvL2ZpbGUvYW5pbGlzdGNkbi9tZWRpYS9tYW5nYS9jb3Zlci9sYXJnZS9ieDE2Njg5NS1oNlhRWTVhM25MYXkuanBn,
WebToons,https://www.webtoons.com/en/fantasy/raven-saga/list?title_no=2527,Raven Saga,,title-unique,376233,Raven Saga,https://cdn.mangabaka.dev/imgproxy/plain/x250@1/aHR0cHM6Ly9tZWRpYS5raXRzdS5hcHAvbWFuZ2EvcG9zdGVyX2ltYWdlcy81OTkyNC9vcmlnaW5hbC5wbmc,title-unique,376233,Raven Saga,https://cdn.mangabaka.dev/imgproxy/plain/x250@1/aHR0cHM6Ly9tZWRpYS5raXRzdS5hcHAvbWFuZ2EvcG9zdGVyX2ltYWdlcy81OTkyNC9vcmlnaW5hbC5wbmc,
WebToons,https://www.webtoons.com/en/drama/emerald-midnights-lover/list?title_no=6673,Emerald Midnight's Lover,,link,89052,Emerald Midnight's Lover,https://cdn.mangabaka.dev/imgproxy/plain/x250@1/aHR0cHM6Ly9pbWFnZXMubWFuZ2FiYWthLmRldi8zLzMvNy83LzUvZC8wL2YvMzhkNC80ZDZhLzk3ZGMvNDlkZmFhZWQzNDA3,title-unique,89052,Emerald Midnight's Lover,https://cdn.mangabaka.dev/imgproxy/plain/x250@1/aHR0cHM6Ly9pbWFnZXMubWFuZ2FiYWthLmRldi8zLzMvNy83LzUvZC8wL2YvMzhkNC80ZDZhLzk3ZGMvNDlkZmFhZWQzNDA3,
WebToons,https://www.webtoons.com/en/romance/reflection-of-the-soul/list?title_no=6411,Reflection of the Soul,,title-unique,504505,Reflection of the Soul,https://cdn.mangabaka.dev/imgproxy/plain/x250@1/aHR0cHM6Ly9tZWRpYS5raXRzdS5hcHAvbWFuZ2EvNzMzODQvcG9zdGVyX2ltYWdlLzA1MzY3NjBkY2RmM2VhOTA1MGU2NGNmMmM5NjNhZjgwLndlYnA,title-unique,504505,Reflection of the Soul,https://cdn.mangabaka.dev/imgproxy/plain/x250@1/aHR0cHM6Ly9tZWRpYS5raXRzdS5hcHAvbWFuZ2EvNzMzODQvcG9zdGVyX2ltYWdlLzA1MzY3NjBkY2RmM2VhOTA1MGU2NGNmMmM5NjNhZjgwLndlYnA,
WebToons,https://www.webtoons.com/en/romance/how-to-hold-his-leash/list?title_no=6527,How to Hold His Leash,,link,90368,How to Hold His Leash,https://cdn.mangabaka.dev/imgproxy/plain/x250@1/aHR0cHM6Ly9pbWFnZXMubWFuZ2FiYWthLmRldi80LzcvYS9lLzgvMy81LzYvZTFlYS80YTdhL2JhYzcvNDdlMmE2ZjUwYWVi,title-unique,90368,How to Hold His Leash,https://cdn.mangabaka.dev/imgproxy/plain/x250@1/aHR0cHM6Ly9pbWFnZXMubWFuZ2FiYWthLmRldi80LzcvYS9lLzgvMy81LzYvZTFlYS80YTdhL2JhYzcvNDdlMmE2ZjUwYWVi,
WebToons,https://www.webtoons.com/en/historical/madame-outlaw/list?title_no=2716,Madame Outlaw,,title-unique,392393,Madame Outlaw,https://cdn.mangabaka.dev/imgproxy/plain/x250@1/aHR0cHM6Ly9tZWRpYS5raXRzdS5hcHAvbWFuZ2EvcG9zdGVyX2ltYWdlcy82MDAyOC9vcmlnaW5hbC5qcGc,title-unique,392393,Madame Outlaw,https://cdn.mangabaka.dev/imgproxy/plain/x250@1/aHR0cHM6Ly9tZWRpYS5raXRzdS5hcHAvbWFuZ2EvcG9zdGVyX2ltYWdlcy82MDAyOC9vcmlnaW5hbC5qcGc,
